{
  "experimento": "exp03_comparacao_modulacao",
  "descricao": "Comparação entre BPSK e QPSK",
  "timestamp": "20260205_052718",
  "data_hora": "2026-02-05 05:27:18",
  "dados": {
    "parametros": {
      "tamanho_cadeia_bits": 15,
      "quantidade_de_testes": 100,
      "rayleigh_param": 0.7071067811865475,
      "correlacao_canal": 0.9
    },
    "snr_db": [
      -5.0,
      -2.7777777777777777,
      -0.5555555555555554,
      1.666666666666667,
      3.8888888888888893,
      6.111111111111111,
      8.333333333333334,
      10.555555555555557,
      12.777777777777779,
      15.0
    ],
    "resultados": {
      "bpsk": {
        "ber_rates": [
          39.13333333333333,
          31.133333333333333,
          24.866666666666667,
          18.466666666666665,
          13.066666666666666,
          9.0,
          5.666666666666667,
          3.6666666666666665,
          2.2,
          1.1333333333333333
        ],
        "kdr_rates": [
          45.266666666666666,
          37.4,
          28.6,
          20.066666666666666,
          11.266666666666667,
          5.533333333333333,
          1.6666666666666667,
          0.4,
          0.0,
          0.0
        ]
      },
      "qpsk": {
        "ber_rates": [
          33.266666666666666,
          29.733333333333334,
          22.2,
          18.466666666666665,
          12.2,
          7.866666666666666,
          5.6,
          4.733333333333333,
          2.8666666666666667,
          1.8
        ],
        "kdr_rates": [
          37.4,
          33.93333333333333,
          24.533333333333335,
          20.466666666666665,
          10.4,
          2.3333333333333335,
          1.2,
          2.1333333333333333,
          0.7333333333333333,
          0.0
        ]
      }
    }
  }
}