{
  "experimento": "exp05_perfis_dispositivos",
  "descricao": "Perfis de dispositivos IoT",
  "timestamp": "20260206_071612",
  "data_hora": "2026-02-06 07:16:12",
  "dados": {
    "configuracao": {
      "tamanho_cadeia_bits": 127,
      "quantidade_de_testes": 1000,
      "rayleigh_param": 0.7071067811865475,
      "modulacao": "bpsk",
      "snr_range_db": [
        -5,
        25
      ],
      "snr_pontos": 16,
      "atraso_medicao_ms": 1.0
    },
    "resultados": {
      "pessoa_andando": {
        "config": {
          "descricao": "Dispositivo vestível em pessoa caminhando (wearable)",
          "erro_estimativa_canal": 0.15,
          "velocidade_max_kmh": 5.0,
          "frequencia_portadora_hz": 2400000000.0,
          "taxa_bits_bps": 250000.0,
          "potencia_transmissao_dbm": 0,
          "guard_band_sigma": 0.3
        },
        "params_canal": {
          "tempo_coerencia_s": 0.016114437988054404,
          "freq_doppler_hz": 11.11111111111111,
          "correlacao_temporal": 0.9398301127377113
        },
        "snr_db": [
          -5.0,
          -3.0,
          -1.0,
          1.0,
          3.0,
          5.0,
          7.0,
          9.0,
          11.0,
          13.0,
          15.0,
          17.0,
          19.0,
          21.0,
          23.0,
          25.0
        ],
        "ber_rates": [
          36.037795275590554,
          31.011023622047244,
          25.607086614173227,
          20.18267716535433,
          15.059055118110237,
          10.77244094488189,
          7.5653543307086615,
          5.225984251968504,
          3.4244094488188974,
          2.274015748031496,
          1.468503937007874,
          0.9606299212598425,
          0.6141732283464567,
          0.37716535433070864,
          0.24645669291338582,
          0.16299212598425197
        ],
        "kdr_rates": [
          43.01732283464567,
          40.451181102362206,
          37.886614173228345,
          35.00157480314961,
          31.858267716535433,
          24.634645669291338,
          11.018897637795275,
          2.1110236220472443,
          0.2440944881889764,
          0.0,
          0.0,
          0.0,
          0.0,
          0.0,
          0.0,
          0.0
        ]
      },
      "sensor_estatico": {
        "config": {
          "descricao": "Sensor fixo em ambiente interno (smart home, industrial)",
          "erro_estimativa_canal": 0.08,
          "velocidade_max_kmh": 0.0,
          "frequencia_portadora_hz": 868000000.0,
          "taxa_bits_bps": 50000.0,
          "potencia_transmissao_dbm": 14,
          "guard_band_sigma": 0.7
        },
        "params_canal": {
          "tempo_coerencia_s": Infinity,
          "freq_doppler_hz": 0.0,
          "correlacao_temporal": 1.0
        },
        "snr_db": [
          -5.0,
          -3.0,
          -1.0,
          1.0,
          3.0,
          5.0,
          7.0,
          9.0,
          11.0,
          13.0,
          15.0,
          17.0,
          19.0,
          21.0,
          23.0,
          25.0
        ],
        "ber_rates": [
          35.78031496062992,
          30.76220472440945,
          25.19212598425197,
          19.659055118110235,
          14.449606299212599,
          10.251968503937007,
          6.8440944881889765,
          4.681102362204724,
          3.063779527559055,
          1.9401574803149606,
          1.3141732283464567,
          0.7929133858267716,
          0.47244094488188976,
          0.33385826771653543,
          0.2062992125984252,
          0.1173228346456693
        ],
        "kdr_rates": [
          42.72677165354331,
          40.27322834645669,
          37.51259842519685,
          34.730708661417324,
          31.53070866141732,
          22.836220472440946,
          7.414173228346456,
          0.8606299212598425,
          0.031496062992125984,
          0.0,
          0.0,
          0.0,
          0.0,
          0.0,
          0.0,
          0.0
        ]
      },
      "veiculo_urbano": {
        "config": {
          "descricao": "Dispositivo em veículo urbano (V2X, telemetria)",
          "erro_estimativa_canal": 0.25,
          "velocidade_max_kmh": 60.0,
          "frequencia_portadora_hz": 5900000000.0,
          "taxa_bits_bps": 6000000.0,
          "potencia_transmissao_dbm": 20,
          "guard_band_sigma": 0.3
        },
        "params_canal": {
          "tempo_coerencia_s": 0.0005462521351882847,
          "freq_doppler_hz": 327.7777777777778,
          "correlacao_temporal": 0.16030829726210172
        },
        "snr_db": [
          -5.0,
          -3.0,
          -1.0,
          1.0,
          3.0,
          5.0,
          7.0,
          9.0,
          11.0,
          13.0,
          15.0,
          17.0,
          19.0,
          21.0,
          23.0,
          25.0
        ],
        "ber_rates": [
          37.98031496062992,
          33.229133858267716,
          27.69527559055118,
          22.088188976377953,
          16.81023622047244,
          11.970866141732284,
          8.26535433070866,
          5.547244094488189,
          3.659055118110236,
          2.4661417322834644,
          1.5763779527559054,
          1.005511811023622,
          0.6598425196850394,
          0.37559055118110235,
          0.24566929133858267,
          0.15590551181102363
        ],
        "kdr_rates": [
          43.911023622047246,
          41.5503937007874,
          38.920472440944884,
          35.82204724409449,
          33.20314960629921,
          28.474015748031498,
          14.288976377952755,
          2.747244094488189,
          0.30078740157480316,
          0.0,
          0.0,
          0.0,
          0.0,
          0.0,
          0.0,
          0.0
        ]
      },
      "drone": {
        "config": {
          "descricao": "Drone em voo (UAV)",
          "erro_estimativa_canal": 0.3,
          "velocidade_max_kmh": 40.0,
          "frequencia_portadora_hz": 2400000000.0,
          "taxa_bits_bps": 1000000.0,
          "potencia_transmissao_dbm": 20,
          "guard_band_sigma": 0.35
        },
        "params_canal": {
          "tempo_coerencia_s": 0.0020143047485068006,
          "freq_doppler_hz": 88.88888888888889,
          "correlacao_temporal": 0.6086881511770079
        },
        "snr_db": [
          -5.0,
          -3.0,
          -1.0,
          1.0,
          3.0,
          5.0,
          7.0,
          9.0,
          11.0,
          13.0,
          15.0,
          17.0,
          19.0,
          21.0,
          23.0,
          25.0
        ],
        "ber_rates": [
          37.235433070866144,
          32.140944881889766,
          27.053543307086613,
          21.4503937007874,
          16.143307086614172,
          11.837795275590551,
          8.296850393700787,
          5.405511811023622,
          3.6393700787401575,
          2.322834645669291,
          1.5385826771653544,
          0.9779527559055118,
          0.5968503937007874,
          0.4110236220472441,
          0.2543307086614173,
          0.16299212598425197
        ],
        "kdr_rates": [
          43.651968503937006,
          40.920472440944884,
          38.33307086614173,
          35.44251968503937,
          32.67716535433071,
          28.1992125984252,
          14.545669291338582,
          2.5535433070866143,
          0.31338582677165355,
          0.0,
          0.0,
          0.0,
          0.0,
          0.0,
          0.0,
          0.0
        ]
      },
      "nb_iot": {
        "config": {
          "descricao": "Dispositivo NB-IoT (Narrowband IoT, 3GPP)",
          "erro_estimativa_canal": 0.12,
          "velocidade_max_kmh": 10.0,
          "frequencia_portadora_hz": 900000000.0,
          "taxa_bits_bps": 200000.0,
          "potencia_transmissao_dbm": 23,
          "guard_band_sigma": 0.5
        },
        "params_canal": {
          "tempo_coerencia_s": 0.02148591731740587,
          "freq_doppler_hz": 8.333333333333334,