{
  "experimento": "exp02_comparacao_modulacao",
  "descricao": "Comparação entre BPSK e QPSK",
  "timestamp": "20260211_233048",
  "data_hora": "2026-02-11 23:30:48",
  "dados": {
    "parametros": {
      "tamanho_cadeia_bits": 127,
      "quantidade_de_testes": 1000,
      "rayleigh_param": 0.7071067811865475,
      "correlacao_canal": 0.9
    },
    "snr_db": [
      -10.0,
      -7.647058823529411,
      -5.294117647058823,
      -2.9411764705882355,
      -0.5882352941176467,
      1.764705882352942,
      4.117647058823529,
      6.4705882352941195,
      8.823529411764707,
      11.176470588235293,
      13.529411764705884,
      15.882352941176471,
      18.235294117647058,
      20.58823529411765,
      22.94117647058824,
      25.294117647058826,
      27.647058823529413,
      30.0
    ],
    "resultados": {
      "bpsk": {
        "bmr_rates": [
          44.68661417322835,
          41.51496062992126,
          36.855905511811024,
          31.22992125984252,
          24.6496062992126,
          18.440157480314962,
          12.709448818897638,
          8.425984251968504,
          5.366929133858267,
          3.369291338582677,
          2.0503937007874016,
          1.1700787401574804,
          0.7244094488188977,
          0.4377952755905512,
          0.25275590551181104,
          0.14960629921259844,
          0.08582677165354331,
          0.05984251968503937
        ],
        "kdr_rates": [
          47.34566929133858,
          45.71181102362205,
          43.386614173228345,
          40.34724409448819,
          37.426771653543305,
          33.883464566929135,
          29.21732283464567,
          15.646456692913386,
          2.373228346456693,
          0.05590551181102362,
          0.026771653543307086,
          0.0,
          0.0,
          0.0,
          0.0,
          0.0,
          0.0,
          0.0
        ]
      },
      "qpsk": {
        "bmr_rates": [
          44.36141732283465,
          41.5496062992126,
          37.09133858267717,
          31.31181102362205,
          24.80708661417323,
          18.26220472440945,
          12.90236220472441,
          8.484251968503937,
          5.375590551181102,
          3.379527559055118,
          2.0188976377952756,
          1.3244094488188976,
          0.7023622047244095,
          0.4094488188976378,
          0.2755905511811024,
          0.15275590551181104,
          0.08267716535433071,
          0.047244094488188976
        ],
        "kdr_rates": [
          47.14251968503937,
          45.86377952755905,
          43.4740157480315,
          40.491338582677166,
          37.466929133858265,
          33.95826771653543,
          29.669291338582678,
          15.634645669291338,
          3.11496062992126,
          0.23543307086614174,
          0.030708661417322834,
          0.0,
          0.0,
          0.0,
          0.0,
          0.0,
          0.0,
          0.0
        ]
      }
    }
  }
}