{
  "experimento": "exp05_perfis_dispositivos",
  "descricao": "Perfis de dispositivos IoT",
  "timestamp": "20260212_021230",
  "data_hora": "2026-02-12 02:12:30",
  "dados": {
    "configuracao": {
      "tamanho_cadeia_bits": 127,
      "quantidade_de_testes": 1000,
      "rayleigh_param": 0.7071067811865475,
      "modulacao": "bpsk",
      "snr_range_db": [
        -5,
        25
      ],
      "snr_pontos": 16,
      "atraso_medicao_ms": 1.0
    },
    "resultados": {
      "pessoa_andando": {
        "config": {
          "descricao": "Dispositivo vestível em pessoa caminhando (wearable)",
          "erro_estimativa_canal": 0.15,
          "velocidade_max_kmh": 5.0,
          "frequencia_portadora_hz": 2400000000.0,
          "taxa_bits_bps": 250000.0,
          "potencia_transmissao_dbm": 0,
          "guard_band_sigma": 0.3
        },
        "params_canal": {
          "tempo_coerencia_s": 0.016114437988054404,
          "freq_doppler_hz": 11.11111111111111,
          "correlacao_temporal": 0.9398301127377113
        },
        "snr_db": [
          -5.0,
          -3.0,
          -1.0,
          1.0,
          3.0,
          5.0,
          7.0,
          9.0,
          11.0,
          13.0,
          15.0,
          17.0,
          19.0,
          21.0,
          23.0,
          25.0
        ],
        "bmr_rates": [
          36.2,
          31.060629921259842,
          25.62283464566929,
          20.1244094488189,
          15.081889763779527,
          10.864566929133858,
          7.486614173228347,
          5.069291338582677,
          3.37007874015748,
          2.222834645669291,
          1.4937007874015749,
          1.0015748031496063,
          0.5866141732283464,
          0.384251968503937,
          0.2559055118110236,
          0.18346456692913385
        ],
        "kdr_rates": [
          43.13700787401575,
          40.460629921259844,
          37.67086614173228,
          34.91023622047244,
          32.08818897637795,
          25.64015748031496,
          10.527559055118111,
          1.6330708661417324,
          0.07480314960629922,
          0.0,
          0.0,
          0.0,
          0.0,
          0.0,
          0.0,
          0.0
        ]
      },
      "sensor_estatico": {
        "config": {
          "descricao": "Sensor fixo em ambiente interno (smart home, industrial)",
          "erro_estimativa_canal": 0.08,
          "velocidade_max_kmh": 0.0,
          "frequencia_portadora_hz": 868000000.0,
          "taxa_bits_bps": 50000.0,
          "potencia_transmissao_dbm": 14,
          "guard_band_sigma": 0.7
        },
        "params_canal": {
          "tempo_coerencia_s": Infinity,
          "freq_doppler_hz": 0.0,
          "correlacao_temporal": 1.0
        },
        "snr_db": [
          -5.0,
          -3.0,
          -1.0,
          1.0,
          3.0,
          5.0,
          7.0,
          9.0,
          11.0,
          13.0,
          15.0,
          17.0,
          19.0,
          21.0,
          23.0,
          25.0
        ],
        "bmr_rates": [
          35.96299212598425,
          30.4503937007874,
          25.26062992125984,
          19.6251968503937,
          14.60236220472441,
          10.001574803149607,
          7.00236220472441,
          4.678740157480315,
          3.0818897637795275,
          2.0125984251968503,
          1.2850393700787401,
          0.7984251968503937,
          0.5031496062992126,
          0.33937007874015745,
          0.1858267716535433,
          0.14645669291338584
        ],
        "kdr_rates": [
          42.855905511811024,
          40.27007874015748,
          37.42125984251968,
          34.911023622047246,
          31.811023622047244,
          22.308661417322835,
          8.671653543307087,
          1.1149606299212598,
          0.09370078740157481,
          0.0,
          0.0,
          0.0,
          0.0,
          0.0,
          0.0,
          0.0
        ]
      },
      "veiculo_urbano": {
        "config": {
          "descricao": "Dispositivo em veículo urbano (V2X, telemetria)",
          "erro_estimativa_canal": 0.25,
          "velocidade_max_kmh": 60.0,
          "frequencia_portadora_hz": 5900000000.0,
          "taxa_bits_bps": 6000000.0,
          "potencia_transmissao_dbm": 20,
          "guard_band_sigma": 0.3
        },
        "params_canal": {
          "tempo_coerencia_s": 0.0005462521351882847,
          "freq_doppler_hz": 327.7777777777778,
          "correlacao_temporal": 0.16030829726210172
        },
        "snr_db": [
          -5.0,
          -3.0,
          -1.0,
          1.0,
          3.0,
          5.0,
          7.0,
          9.0,
          11.0,
          13.0,
          15.0,
          17.0,
          19.0,
          21.0,
          23.0,
          25.0
        ],
        "bmr_rates": [
          37.991338582677166,
          33.40157480314961,
          27.700787401574804,
          22.276377952755904,
          16.827559055118112,
          11.907874015748032,
          8.370866141732284,
          5.520472440944882,
          3.648031496062992,
          2.2574803149606297,
          1.4614173228346456,
          0.9622047244094488,
          0.6330708661417322,
          0.3779527559055118,
          0.2606299212598425,
          0.15984251968503937
        ],
        "kdr_rates": [
          44.140944881889766,
          41.656692913385825,
          38.77007874015748,
          35.98976377952756,
          33.23622047244095,
          28.006299212598424,
          15.307086614173228,
          2.544094488188976,
          0.18346456692913385,
          0.0,
          0.0,
          0.0,
          0.0,
          0.0,
          0.0,
          0.0
        ]
      },
      "drone": {
        "config": {
          "descricao": "Drone em voo (UAV)",
          "erro_estimativa_canal": 0.3,
          "velocidade_max_kmh": 40.0,
          "frequencia_portadora_hz": 2400000000.0,
          "taxa_bits_bps": 1000000.0,
          "potencia_transmissao_dbm": 20,
          "guard_band_sigma": 0.35
        },
        "params_canal": {
          "tempo_coerencia_s": 0.0020143047485068006,
          "freq_doppler_hz": 88.88888888888889,
          "correlacao_temporal": 0.6086881511770079
        },
        "snr_db": [
          -5.0,
          -3.0,
          -1.0,
          1.0,
          3.0,
          5.0,
          7.0,
          9.0,
          11.0,
          13.0,
          15.0,
          17.0,
          19.0,
          21.0,
          23.0,
          25.0
        ],
        "bmr_rates": [
          37.29055118110236,
          32.608661417322836,
          26.930708661417324,
          21.628346456692913,
          16.266141732283465,
          11.661417322834646,
          8.077165354330708,
          5.532283464566929,
          3.616535433070866,
          2.3244094488188978,
          1.4724409448818898,
          0.984251968503937,
          0.6007874015748031,
          0.39291338582677166,
          0.2566929133858268,
          0.14724409448818898
        ],
        "kdr_rates": [
          43.48425196850393,
          41.370866141732286,
          38.25196850393701,
          35.71889763779527,
          32.99055118110236,
          27.740944881889764,
          13.921259842519685,
          2.5559055118110234,
          0.32598425196850395,
          0.0,
          0.0,
          0.0,
          0.0,
          0.0,
          0.0,
          0.0
        ]
      },
      "nb_iot": {
        "config": {
          "descricao": "Dispositivo NB-IoT (Narrowband IoT, 3GPP)",
          "erro_estimativa_canal": 0.12,
          "velocidade_max_kmh": 10.0,
          "frequencia_portadora_hz": 900000000.0,
          "taxa_bits_bps": 200000.0,
          "potencia_transmissao_dbm": 23,
          "guard_band_sigma": 0.5
        },
        "params_canal": {
          "tempo_coerencia_s": 0.02148591731740587,
          "freq_doppler_hz": 8.333333333333334,