{
  "experimento": "exp09_analise_eve_20260127_225843",
  "descricao": "Análise de segurança contra espionagem (Eve)",
  "timestamp": "20260127_225924",
  "data_hora": "2026-01-27 22:59:24",
  "dados": {
    "metadados": {
      "experimento": "exp09_analise_eve",
      "timestamp": "20260127_225843",
      "kdr_bob_referencia": 0.18188976377952756,
      "lambda_cm": 12.5,
      "lambda_2_cm": 6.25
    },
    "espacial": {
      "distancia_eve_m": [
        0.1,
        0.2,
        0.5,
        1.0,
        2.0,
        5.0,
        10.0
      ],
      "separacao_lambda_2": [
        1.6,
        3.2,
        8.0,
        16.0,
        32.0,
        80.0,
        160.0
      ],
      "correlacao_espacial": [
        0.20999999999999985,
        0.02018965179946554,
        0.001831563888873418,
        3.354626279025119e-05,
        1.1253517471925913e-08,
        4.248354255291589e-19,
        1.8048513878454152e-36
      ],
      "correlacao_alice_eve": [
        0.20999999999999985,
        0.02018965179946554,
        0.001831563888873418,
        3.354626279025119e-05,
        1.1253517471925913e-08,
        4.248354255291589e-19,
        1.8048513878454152e-36
      ],
      "kdr_bob": [
        0.1015748031496063,
        0.05826771653543307,
        0.06771653543307087,
        0.05590551181102362,
        0.1283464566929134,
        0.10708661417322834,
        0.05669291338582677
      ],
      "kdr_eve_antes": [
        50.0,
        50.0,
        50.0,
        50.0,
        50.0,
        50.0,
        50.0
      ],
      "kdr_eve_pos_bch": [
        96.25118110236221,
        94.87165354330709,
        94.41259842519685,
        94.36771653543308,
        94.36062992125984,
        94.41968503937008,
        94.35748031496063
      ],
      "kdr_eve_pos_sha256": [
        49.955859375,
        50.08203125,
        50.002734375,
        49.859765625,
        50.016796875,
        50.032421875,
        49.844140625
      ]
    },
    "temporal": {
      "atraso_ms": [
        0,
        0.1,
        0.5,
        1.0,
        2.0,
        5.0,
        10.0
      ],
      "correlacao_temporal": [
        1.0,
        0.999987815340325,
        0.999695405777371,
        0.9987819014376961,
        0.9951320567417865,
        0.969769453779052,
        0.8818148331551372
      ],
      "correlacao_total": [
        0.001831563888873418,
        0.001831541571890759,
        0.0018310060050944913,
        0.0018293328635336135,
        0.0018226479397885893,
        0.0017761947120742108,
        0.0016151002050798875
      ],
      "kdr_eve_pos_bch": [
        94.3992125984252,
        94.44409448818898,
        94.36535433070866,
        94.5,
        94.44566929133859,
        94.50866141732284,
        94.61968503937008
      ]
    }
  }
}