{
  "experimento": "exp09_analise_eve_20260127_225229",
  "descricao": "Análise de segurança contra espionagem (Eve)",
  "timestamp": "20260127_225313",
  "data_hora": "2026-01-27 22:53:13",
  "dados": {
    "metadados": {
      "experimento": "exp09_analise_eve",
      "timestamp": "20260127_225229",
      "kdr_bob_referencia": 0.1220472440944882,
      "lambda_cm": 12.5,
      "lambda_2_cm": 6.25
    },
    "espacial": {
      "distancia_eve_m": [
        0.1,
        0.2,
        0.5,
        1.0,
        2.0,
        5.0,
        10.0
      ],
      "separacao_lambda_2": [
        1.6,
        3.2,
        8.0,
        16.0,
        32.0,
        80.0,
        160.0
      ],
      "correlacao_espacial": [
        0.20999999999999985,
        0.02018965179946554,
        0.001831563888873418,
        3.354626279025119e-05,
        1.1253517471925913e-08,
        4.248354255291589e-19,
        1.8048513878454152e-36
      ],
      "correlacao_alice_eve": [
        0.20999999999999985,
        0.02018965179946554,
        0.001831563888873418,
        3.354626279025119e-05,
        1.1253517471925913e-08,
        4.248354255291589e-19,
        1.8048513878454152e-36
      ],
      "kdr_bob": [
        0.06062992125984252,
        0.11338582677165354,
        0.30866141732283464,
        0.05196850393700787,
        0.08897637795275591,
        0.12755905511811025,
        0.08976377952755905
      ],
      "kdr_eve_antes": [
        50.0,
        50.0,
        50.0,
        50.0,
        50.0,
        50.0,
        50.0
      ],
      "kdr_eve_pos_bch": [
        3.6992125984251967,
        5.301574803149606,
        5.488188976377953,
        5.563779527559055,
        5.597637795275591,
        5.570078740157481,
        5.522047244094488
      ],
      "kdr_eve_pos_sha256": [
        49.35234375,
        49.750390625,
        49.89921875,
        50.06796875,
        49.871484375,
        49.97734375,
        50.10859375
      ]
    },
    "temporal": {
      "atraso_ms": [
        0,
        0.1,
        0.5,
        1.0,
        2.0,
        5.0,
        10.0
      ],
      "correlacao_temporal": [
        1.0,
        0.999987815340325,
        0.999695405777371,
        0.9987819014376961,
        0.9951320567417865,
        0.969769453779052,
        0.8818148331551372
      ],
      "correlacao_total": [
        0.001831563888873418,
        0.001831541571890759,
        0.0018310060050944913,
        0.0018293328635336135,
        0.0018226479397885893,
        0.0017761947120742108,
        0.0016151002050798875
      ],
      "kdr_eve_pos_bch": [
        5.4503937007874015,
        5.6228346456692915,
        5.6070866141732285,
        5.61732283464567,
        5.643307086614173,
        5.629133858267717,
        5.486614173228347
      ]
    }
  }
}