{
  "experimento": "exp09_analise_eve_20260127_230235",
  "descricao": "Análise de segurança contra espionagem (Eve)",
  "timestamp": "20260127_230318",
  "data_hora": "2026-01-27 23:03:18",
  "dados": {
    "metadados": {
      "experimento": "exp09_analise_eve",
      "timestamp": "20260127_230235",
      "kdr_bob_referencia": 0.06141732283464567,
      "lambda_cm": 12.5,
      "lambda_2_cm": 6.25
    },
    "espacial": {
      "distancia_eve_m": [
        0.1,
        0.2,
        0.5,
        1.0,
        2.0,
        5.0,
        10.0
      ],
      "separacao_lambda_2": [
        1.6,
        3.2,
        8.0,
        16.0,
        32.0,
        80.0,
        160.0
      ],
      "correlacao_espacial": [
        0.20999999999999985,
        0.02018965179946554,
        0.001831563888873418,
        3.354626279025119e-05,
        1.1253517471925913e-08,
        4.248354255291589e-19,
        1.8048513878454152e-36
      ],
      "correlacao_alice_eve": [
        0.20999999999999985,
        0.02018965179946554,
        0.001831563888873418,
        3.354626279025119e-05,
        1.1253517471925913e-08,
        4.248354255291589e-19,
        1.8048513878454152e-36
      ],
      "kdr_bob": [
        0.11496062992125984,
        0.11181102362204724,
        0.05590551181102362,
        0.08976377952755905,
        0.1377952755905512,
        0.08897637795275591,
        0.14488188976377953
      ],
      "kdr_eve_antes": [
        50.0,
        50.0,
        50.0,
        50.0,
        50.0,
        50.0,
        50.0
      ],
      "kdr_eve_pos_bch": [
        3.720472440944882,
        5.232283464566929,
        5.551181102362205,
        5.515748031496063,
        5.585826771653544,
        5.693700787401575,
        5.696850393700787
      ],
      "kdr_eve_pos_sha256": [
        49.521875,
        49.97734375,
        50.12265625,
        50.039453125,
        49.88046875,
        49.8921875,
        49.928515625
      ]
    },
    "temporal": {
      "atraso_ms": [
        0,
        0.1,
        0.5,
        1.0,
        2.0,
        5.0,
        10.0
      ],
      "correlacao_temporal": [
        1.0,
        0.999987815340325,
        0.999695405777371,
        0.9987819014376961,
        0.9951320567417865,
        0.969769453779052,
        0.8818148331551372
      ],
      "correlacao_total": [
        0.001831563888873418,
        0.001831541571890759,
        0.0018310060050944913,
        0.0018293328635336135,
        0.0018226479397885893,
        0.0017761947120742108,
        0.0016151002050798875
      ],
      "kdr_eve_pos_bch": [
        5.541732283464567,
        5.61259842519685,
        5.6070866141732285,
        5.637007874015748,
        5.61259842519685,
        5.511023622047244,
        5.580314960629921
      ]
    }
  }
}