{
  "experimento": "exp01_variacao_snr",
  "descricao": "Análise do impacto da SNR no KDR",
  "timestamp": "20260211_233032",
  "data_hora": "2026-02-11 23:30:32",
  "dados": {
    "parametros": {
      "tamanho_cadeia_bits": 127,
      "quantidade_de_testes": 1000,
      "rayleigh_param": 0.7071067811865475,
      "modulacao": "bpsk",
      "correlacao_canal": 0.9,
      "snr_min": -10,
      "snr_max": 30,
      "snr_pontos": 18
    },
    "snr_db": [
      -10.0,
      -7.647058823529411,
      -5.294117647058823,
      -2.9411764705882355,
      -0.5882352941176467,
      1.764705882352942,
      4.117647058823529,
      6.4705882352941195,
      8.823529411764707,
      11.176470588235293,
      13.529411764705884,
      15.882352941176471,
      18.235294117647058,
      20.58823529411765,
      22.94117647058824,
      25.294117647058826,
      27.647058823529413,
      30.0
    ],
    "bmr_rates": [
      44.764566929133856,
      41.1251968503937,
      36.9755905511811,
      31.166141732283464,
      24.639370078740157,
      18.5,
      12.756692913385827,
      8.525984251968504,
      5.478740157480315,
      3.4133858267716537,
      2.043307086614173,
      1.2220472440944883,
      0.7275590551181103,
      0.41181102362204725,
      0.23307086614173228,
      0.15511811023622046,
      0.08503937007874016,
      0.05748031496062992
    ],
    "kdr_rates": [
      47.19291338582677,
      45.65905511811024,
      43.34566929133858,
      40.298425196850395,
      37.31811023622047,
      34.09370078740157,
      29.521259842519687,
      15.729133858267717,
      2.488976377952756,
      0.09133858267716535,
      0.0,
      0.0,
      0.0,
      0.0,
      0.0,
      0.0,
      0.0,
      0.0
    ]
  }
}