{
  "experimento": "exp01_variacao_snr",
  "descricao": "Análise do impacto da SNR no KDR",
  "timestamp": "20260205_073115",
  "data_hora": "2026-02-05 07:31:15",
  "dados": {
    "parametros": {
      "tamanho_cadeia_bits": 127,
      "quantidade_de_testes": 1000,
      "rayleigh_param": 0.7071067811865475,
      "modulacao": "bpsk",
      "correlacao_canal": 0.9,
      "snr_min": -10,
      "snr_max": 30,
      "snr_pontos": 18
    },
    "snr_db": [
      -10.0,
      -7.647058823529411,
      -5.294117647058823,
      -2.9411764705882355,
      -0.5882352941176467,
      1.764705882352942,
      4.117647058823529,
      6.4705882352941195,
      8.823529411764707,
      11.176470588235293,
      13.529411764705884,
      15.882352941176471,
      18.235294117647058,
      20.58823529411765,
      22.94117647058824,
      25.294117647058826,
      27.647058823529413,
      30.0
    ],
    "ber_rates": [
      44.451181102362206,
      41.596850393700784,
      37.00472440944882,
      31.365354330708662,
      24.561417322834647,
      18.496850393700786,
      12.696062992125984,
      8.46220472440945,
      5.396062992125985,
      3.3818897637795278,
      2.063779527559055,
      1.2724409448818899,
      0.7259842519685039,
      0.39763779527559057,
      0.2566929133858268,
      0.13070866141732285,
      0.1015748031496063,
      0.05511811023622047
    ],
    "kdr_rates": [
      47.49370078740157,
      45.71653543307087,
      43.51023622047244,
      40.81496062992126,
      37.118110236220474,
      34.233858267716535,
      29.137007874015747,
      16.063779527559056,
      2.7850393700787404,
      0.03307086614173228,
      0.0,
      0.0,
      0.0,
      0.0,
      0.0,
      0.0,
      0.0,
      0.0
    ]
  }
}