{
  "experimento": "exp09_analise_eve_20260127_231827",
  "descricao": "Análise de segurança contra espionagem (Eve)",
  "timestamp": "20260127_231906",
  "data_hora": "2026-01-27 23:19:06",
  "dados": {
    "metadados": {
      "experimento": "exp09_analise_eve",
      "timestamp": "20260127_231827",
      "kdr_bob_referencia": 0.115748031496063,
      "lambda_cm": 12.5,
      "lambda_2_cm": 6.25
    },
    "espacial": {
      "distancia_eve_m": [
        0.1,
        0.2,
        0.5,
        1.0,
        2.0,
        5.0,
        10.0
      ],
      "separacao_lambda_2": [
        1.6,
        3.2,
        8.0,
        16.0,
        32.0,
        80.0,
        160.0
      ],
      "correlacao_espacial": [
        0.20999999999999985,
        0.02018965179946554,
        0.001831563888873418,
        3.354626279025119e-05,
        1.1253517471925913e-08,
        4.248354255291589e-19,
        1.8048513878454152e-36
      ],
      "correlacao_alice_eve": [
        0.20999999999999985,
        0.02018965179946554,
        0.001831563888873418,
        3.354626279025119e-05,
        1.1253517471925913e-08,
        4.248354255291589e-19,
        1.8048513878454152e-36
      ],
      "kdr_bob": [
        0.05748031496062992,
        0.025984251968503937,
        0.20551181102362204,
        0.11968503937007874,
        0.030708661417322834,
        0.031496062992125984,
        0.029133858267716535
      ],
      "correlacao_h_alice_bob": [
        0.8408049811583008,
        0.8425879874214394,
        0.8405474730259926,
        0.8417908110972816,
        0.8439677177977034,
        0.8424329146140156,
        0.8422765251352722
      ],
      "correlacao_h_alice_eve": [
        0.185885282742201,
        0.023629606499437173,
        0.004326870728018327,
        0.0014001617884880394,
        0.0013000527008226858,
        -0.007333406516461549,
        -0.005946440297801247
      ]
    },
    "temporal": {
      "atraso_ms": [
        0,
        0.1,
        0.5,
        1.0,
        2.0,
        5.0,
        10.0
      ],
      "correlacao_temporal": [
        1.0,
        0.999987815340325,
        0.999695405777371,
        0.9987819014376961,
        0.9951320567417865,
        0.969769453779052,
        0.8818148331551372
      ],
      "correlacao_total": [
        0.001831563888873418,
        0.001831541571890759,
        0.0018310060050944913,
        0.0018293328635336135,
        0.0018226479397885893,
        0.0017761947120742108,
        0.0016151002050798875
      ],
      "kdr_bob": [
        0.7401574803149606,
        0.46062992125984253,
        0.662992125984252,
        0.3425196850393701,
        0.32598425196850395,
        0.6921259842519685,
        0.5653543307086614
      ],
      "correlacao_h_alice_bob": [
        0.9016613875946702,
        0.9007153400557667,
        0.9003073304840687,
        0.8998793472384009,
        0.9009464685442067,
        0.9003486011969869,
        0.9002262747380912
      ],
      "correlacao_h_alice_eve": [
        0.0020998989974992666,
        0.0017698182892103124,
        0.003448880178491586,
        0.0054567607888853994,
        -0.0020186538784109625,
        -0.0017569566304840867,
        0.003040122691534718
      ]
    }
  }
}