{
  "experimento": "exp06_analise_eve",
  "descricao": "Análise de segurança contra espionagem (Eve)",
  "timestamp": "20260206_035653",
  "data_hora": "2026-02-06 03:56:53",
  "dados": {
    "metadados": {
      "experimento": "exp06_analise_eve",
      "timestamp": "20260206_035538",
      "kdr_bob_referencia": 1.4740157480314962,
      "lambda_cm": 12.5,
      "lambda_2_cm": 6.25
    },
    "espacial": {
      "distancia_eve_m": [
        0.1,
        0.2,
        0.5,
        1.0,
        2.0,
        5.0,
        10.0
      ],
      "separacao_lambda_2": [
        1.6,
        3.2,
        8.0,
        16.0,
        32.0,
        80.0,
        160.0
      ],
      "correlacao_espacial": [
        0.20999999999999985,
        0.02018965179946554,
        0.001831563888873418,
        3.354626279025119e-05,
        1.1253517471925913e-08,
        4.248354255291589e-19,
        1.8048513878454152e-36
      ],
      "correlacao_alice_eve": [
        0.20999999999999985,
        0.02018965179946554,
        0.001831563888873418,
        3.354626279025119e-05,
        1.1253517471925913e-08,
        4.248354255291589e-19,
        1.8048513878454152e-36
      ],
      "kdr_bob": [
        48.464829396325456,
        48.458530183727035,
        48.64698162729659,
        48.68740157480315,
        48.44435695538058,
        48.47926509186352,
        48.51076115485564
      ],
      "correlacao_h_alice_bob": [
        0.9090123537047773,
        0.9092589635325841,
        0.909082755523732,
        0.9090955174324404,
        0.9092387039685068,
        0.9090830652269508,
        0.9092392076668526
      ],
      "correlacao_h_alice_eve": [
        0.2012239191136983,
        0.01816520838704737,
        0.0024931232100868037,
        -0.001704342532182601,
        0.0014195827315371466,
        0.0002629913200165603,
        0.0011718376884251131
      ]
    },
    "temporal": {
      "atraso_ms": [
        0,
        0.1,
        0.5,
        1.0,
        2.0,
        5.0,
        10.0
      ],
      "correlacao_temporal": [
        1.0,
        0.999987815340325,
        0.999695405777371,
        0.9987819014376961,
        0.9951320567417865,
        0.969769453779052,
        0.8818148331551372
      ],
      "correlacao_total": [
        0.001831563888873418,
        0.001831541571890759,
        0.0018310060050944913,
        0.0018293328635336135,
        0.0018226479397885893,
        0.0017761947120742108,
        0.0016151002050798875
      ],
      "kdr_bob": [
        47.879265091863516,
        47.92335958005249,
        47.82257217847769,
        47.93832020997375,
        48.02703412073491,
        48.00577427821522,
        47.93963254593176
      ],
      "correlacao_h_alice_bob": [
        0.9559015250234468,
        0.9559628031147243,
        0.9556584614496236,
        0.9557899482005319,
        0.9557657621174684,
        0.9557713563009985,
        0.9556774486209091
      ],
      "correlacao_h_alice_eve": [
        0.0027491023308728445,
        0.0020774905893169143,
        0.002611247006710886,
        0.001357968964510213,
        0.0024010175617095366,
        0.003227421850169268,
        0.0022303656211219484
      ]
    }
  }
}