{
  "experimento": "exp05_perfis_dispositivos",
  "descricao": "Perfis de dispositivos IoT",
  "timestamp": "20260211_233157",
  "data_hora": "2026-02-11 23:31:57",
  "dados": {
    "configuracao": {
      "tamanho_cadeia_bits": 127,
      "quantidade_de_testes": 1000,
      "rayleigh_param": 0.7071067811865475,
      "modulacao": "bpsk",
      "snr_range_db": [
        -5,
        25
      ],
      "snr_pontos": 16,
      "atraso_medicao_ms": 1.0
    },
    "resultados": {
      "pessoa_andando": {
        "config": {
          "descricao": "Dispositivo vestível em pessoa caminhando (wearable)",
          "erro_estimativa_canal": 0.15,
          "velocidade_max_kmh": 5.0,
          "frequencia_portadora_hz": 2400000000.0,
          "taxa_bits_bps": 250000.0,
          "potencia_transmissao_dbm": 0,
          "guard_band_sigma": 0.3
        },
        "params_canal": {
          "tempo_coerencia_s": 0.016114437988054404,
          "freq_doppler_hz": 11.11111111111111,
          "correlacao_temporal": 0.9398301127377113
        },
        "snr_db": [
          -5.0,
          -3.0,
          -1.0,
          1.0,
          3.0,
          5.0,
          7.0,
          9.0,
          11.0,
          13.0,
          15.0,
          17.0,
          19.0,
          21.0,
          23.0,
          25.0
        ],
        "bmr_rates": [
          36.10787401574803,
          31.121259842519684,
          25.81023622047244,
          20.031496062992126,
          14.939370078740158,
          10.790551181102362,
          7.5,
          5.15748031496063,
          3.3929133858267715,
          2.2818897637795277,
          1.531496062992126,
          0.9834645669291339,
          0.6078740157480315,
          0.37480314960629924,
          0.2440944881889764,
          0.15118110236220472
        ],
        "kdr_rates": [
          43.1,
          40.5244094488189,
          37.98661417322835,
          34.78031496062992,
          31.88267716535433,
          24.769291338582676,
          10.218897637795276,
          2.1543307086614174,
          0.1125984251968504,
          0.0,
          0.0,
          0.0,
          0.0,
          0.0,
          0.0,
          0.0
        ]
      },
      "sensor_estatico": {
        "config": {
          "descricao": "Sensor fixo em ambiente interno (smart home, industrial)",
          "erro_estimativa_canal": 0.08,
          "velocidade_max_kmh": 0.0,
          "frequencia_portadora_hz": 868000000.0,
          "taxa_bits_bps": 50000.0,
          "potencia_transmissao_dbm": 14,
          "guard_band_sigma": 0.7
        },
        "params_canal": {
          "tempo_coerencia_s": Infinity,
          "freq_doppler_hz": 0.0,
          "correlacao_temporal": 1.0
        },
        "snr_db": [
          -5.0,
          -3.0,
          -1.0,
          1.0,
          3.0,
          5.0,
          7.0,
          9.0,
          11.0,
          13.0,
          15.0,
          17.0,
          19.0,
          21.0,
          23.0,
          25.0
        ],
        "bmr_rates": [
          35.94881889763779,
          31.03070866141732,
          25.116535433070865,
          19.49527559055118,
          14.51968503937008,
          10.23464566929134,
          6.910236220472441,
          4.628346456692913,
          3.0118110236220472,
          1.904724409448819,
          1.2220472440944883,
          0.7929133858267716,
          0.4921259842519685,
          0.33858267716535434,
          0.20236220472440944,
          0.1173228346456693
        ],
        "kdr_rates": [
          42.96929133858268,
          40.40787401574803,
          37.63228346456693,
          34.50157480314961,
          31.514173228346458,
          23.296062992125986,
          7.967716535433071,
          0.6606299212598425,
          0.13228346456692913,
          0.0,
          0.0,
          0.0,
          0.0,
          0.0,
          0.0,
          0.0
        ]
      },
      "veiculo_urbano": {
        "config": {
          "descricao": "Dispositivo em veículo urbano (V2X, telemetria)",
          "erro_estimativa_canal": 0.25,
          "velocidade_max_kmh": 60.0,
          "frequencia_portadora_hz": 5900000000.0,
          "taxa_bits_bps": 6000000.0,
          "potencia_transmissao_dbm": 20,
          "guard_band_sigma": 0.3
        },
        "params_canal": {
          "tempo_coerencia_s": 0.0005462521351882847,
          "freq_doppler_hz": 327.7777777777778,
          "correlacao_temporal": 0.16030829726210172
        },
        "snr_db": [
          -5.0,
          -3.0,
          -1.0,
          1.0,
          3.0,
          5.0,
          7.0,
          9.0,
          11.0,
          13.0,
          15.0,
          17.0,
          19.0,
          21.0,
          23.0,
          25.0
        ],
        "bmr_rates": [
          37.60236220472441,
          33.17007874015748,
          27.845669291338584,
          22.130708661417323,
          16.58976377952756,
          11.871653543307087,
          8.426771653543307,
          5.6559055118110235,
          3.6763779527559057,
          2.4015748031496065,
          1.5062992125984251,
          0.9952755905511811,
          0.6031496062992125,
          0.3968503937007874,
          0.2220472440944882,
          0.16220472440944883
        ],
        "kdr_rates": [
          44.264566929133856,
          41.3007874015748,
          38.63622047244095,
          35.83149606299212,
          32.96299212598425,
          27.87007874015748,
          15.422834645669292,
          3.320472440944882,
          0.2062992125984252,
          0.0,
          0.0,
          0.0,
          0.0,
          0.0,
          0.0,
          0.0
        ]
      },
      "drone": {
        "config": {
          "descricao": "Drone em voo (UAV)",
          "erro_estimativa_canal": 0.3,
          "velocidade_max_kmh": 40.0,
          "frequencia_portadora_hz": 2400000000.0,
          "taxa_bits_bps": 1000000.0,
          "potencia_transmissao_dbm": 20,
          "guard_band_sigma": 0.35
        },
        "params_canal": {
          "tempo_coerencia_s": 0.0020143047485068006,
          "freq_doppler_hz": 88.88888888888889,
          "correlacao_temporal": 0.6086881511770079
        },
        "snr_db": [
          -5.0,
          -3.0,
          -1.0,
          1.0,
          3.0,
          5.0,
          7.0,
          9.0,
          11.0,
          13.0,
          15.0,
          17.0,
          19.0,
          21.0,
          23.0,
          25.0
        ],
        "bmr_rates": [
          37.0259842519685,
          32.85748031496063,
          26.948031496062992,
          21.47007874015748,
          16.371653543307087,
          11.726771653543308,
          8.26535433070866,
          5.550393700787402,
          3.636220472440945,
          2.3244094488188978,
          1.5590551181102361,
          0.9511811023622048,
          0.621259842519685,
          0.384251968503937,
          0.2566929133858268,
          0.18503937007874016
        ],
        "kdr_rates": [
          43.36929133858268,
          41.32913385826772,
          38.4496062992126,
          35.499212598425196,
          32.91496062992126,
          27.903937007874017,
          14.31259842519685,
          2.8078740157480313,
          0.2559055118110236,
          0.0,
          0.0,
          0.0,
          0.0,
          0.0,
          0.0,
          0.0
        ]
      },
      "nb_iot": {
        "config": {
          "descricao": "Dispositivo NB-IoT (Narrowband IoT, 3GPP)",
          "erro_estimativa_canal": 0.12,
          "velocidade_max_kmh": 10.0,
          "frequencia_portadora_hz": 900000000.0,
          "taxa_bits_bps": 200000.0,
          "potencia_transmissao_dbm": 23,
          "guard_band_sigma": 0.5
        },
        "params_canal": {
          "tempo_coerencia_s": 0.02148591731740587,
          "freq_doppler_hz": 8.333333333333334,
          "correlacao_temporal": 0.9545243614701432
        },