{
  "experimento": "exp01_variacao_snr",
  "descricao": "Análise do impacto da SNR no BER e KDR",
  "timestamp": "20260205_052715",
  "data_hora": "2026-02-05 05:27:15",
  "dados": {
    "parametros": {
      "tamanho_cadeia_bits": 15,
      "quantidade_de_testes": 100,
      "rayleigh_param": 0.7071067811865475,
      "modulacao": "bpsk",
      "correlacao_canal": 0.9,
      "snr_min": -10,
      "snr_max": 30,
      "snr_pontos": 10
    },
    "snr_db": [
      -10.0,
      -5.555555555555555,
      -1.1111111111111107,
      3.333333333333334,
      7.777777777777779,
      12.222222222222221,
      16.666666666666668,
      21.111111111111114,
      25.555555555555557,
      30.0
    ],
    "ber_rates": [
      45.53333333333333,
      38.6,
      27.866666666666667,
      14.533333333333333,
      6.866666666666666,
      3.2,
      1.0666666666666667,
      0.5333333333333333,
      0.13333333333333333,
      0.13333333333333333
    ],
    "kdr_rates": [
      47.2,
      43.46666666666667,
      34.06666666666667,
      14.733333333333333,
      1.8666666666666667,
      0.3333333333333333,
      0.0,
      0.0,
      0.0,
      0.0
    ]
  }
}