{
  "experimento": "exp07_impacto_guard_band",
  "descricao": "",
  "timestamp": "20260211_233309",
  "data_hora": "2026-02-11 23:33:09",
  "dados": {
    "experimento": "exp07_impacto_guard_band",
    "timestamp": "20260211_233309",
    "parametros": {
      "snr_db": 15.0,
      "correlacao_alice_bob": 0.95,
      "correlacao_alice_eve": 0.0,
      "erro_estimativa": 0.15,
      "guard_bands": [
        0.0,
        0.1,
        0.3,
        0.5,
        0.7,
        1.0
      ],
      "quantidade_de_testes": 1000,
      "tamanho_cadeia_bits": 127
    },
    "resultados": {
      "guard_band": [
        0.0,
        0.1,
        0.3,
        0.5,
        0.7,
        1.0
      ],
      "kdr_bob": [
        0.0,
        0.06220472440944882,
        0.025984251968503937,
        0.030708661417322834,
        0.0,
        0.0
      ],
      "bmr_bob": [
        2.852755905511811,
        2.811023622047244,
        2.780314960629921,
        2.7267716535433073,
        2.7496062992125982,
        2.8645669291338582
      ],
      "ber_eve_raw": [
        50.0740157480315,
        50.0503937007874,
        50.044094488188975,
        49.95690991381983,
        49.47244094488189,
        46.7992125984252
      ],
      "ber_eve_pos_bch": [
        49.774015748031495,
        50.04330708661417,
        49.95616797900262,
        50.06014012028024,
        49.68070866141732,
        48.344881889763776
      ],
      "taxa_bits_bps": [
        127000.0,
        118414.01512805543,
        102944.19923821375,
        89495.38739427661,
        77803.55206142085,
        63066.333581509
      ],
      "percentual_descartado": [
        0.0,
        6.760618009405173,
        18.941575402981293,
        29.531191028128656,
        38.73736058155839,
        50.341469620859044
      ],
      "corr_h_bob": [
        0.9093802846226833,
        0.9092015574597798,
        0.9092146361691305,
        0.9091710056962194,
        0.9092392260948676,
        0.9089342262425436
      ],
      "corr_h_eve": [
        0.0005208253157689376,
        -0.0004455874458300627,
        5.7970032971898394e-05,
        -0.0007232066429367325,
        -0.0014154820207804117,
        0.0003869700063462636
      ]
    }
  }
}