{
  "experimento": "exp07_impacto_guard_band",
  "descricao": "",
  "timestamp": "20260212_021342",
  "data_hora": "2026-02-12 02:13:42",
  "dados": {
    "experimento": "exp07_impacto_guard_band",
    "timestamp": "20260212_021342",
    "parametros": {
      "snr_db": 15.0,
      "correlacao_alice_bob": 0.95,
      "correlacao_alice_eve": 0.0,
      "erro_estimativa": 0.15,
      "guard_bands": [
        0.0,
        0.1,
        0.3,
        0.5,
        0.7,
        1.0
      ],
      "quantidade_de_testes": 1000,
      "tamanho_cadeia_bits": 127
    },
    "resultados": {
      "guard_band": [
        0.0,
        0.1,
        0.3,
        0.5,
        0.7,
        1.0
      ],
      "kdr_bob": [
        0.0,
        0.0,
        0.029921259842519685,
        0.0,
        0.03385826771653543,
        0.0
      ],
      "bmr_bob": [
        2.725984251968504,
        2.710236220472441,
        2.7409448818897637,
        2.7338582677165353,
        2.7913385826771653,
        2.8
      ],
      "ber_eve_raw": [
        49.89291338582677,
        49.97066929133858,
        49.98293963254593,
        49.86551181102362,
        49.6248031496063,
        46.99685039370079
      ],
      "ber_eve_pos_bch": [
        49.95354330708661,
        49.97362204724409,
        50.06299212598425,
        49.756535433070866,
        49.89763779527559,
        48.52283464566929
      ],
      "taxa_bits_bps": [
        127000.0,
        118414.01512805543,
        102944.19923821375,
        89495.38739427661,
        77803.55206142085,
        63066.333581509
      ],
      "percentual_descartado": [
        0.0,
        6.760618009405173,
        18.941575402981293,
        29.531191028128656,
        38.73736058155839,
        50.341469620859044
      ],
      "corr_h_bob": [
        0.9092868118132367,
        0.9091592505950105,
        0.9089056743349839,
        0.9091542206343206,
        0.9092902491979783,
        0.9089587527705554
      ],
      "corr_h_eve": [
        0.0010473348186486615,
        -0.0011280201269815706,
        0.0004089886844301588,
        -0.0002930398501735517,
        0.001498611832475051,
        -0.0005346158546181374
      ]
    }
  }
}