{
  "experimento": "exp05_perfis_dispositivos_20260205_073253",
  "descricao": "",
  "timestamp": "20260205_073253",
  "data_hora": "2026-02-05 07:32:53",
  "dados": {
    "experimento": "exp05_perfis_dispositivos",
    "timestamp": "20260205_073253",
    "configuracao": {
      "tamanho_cadeia_bits": 127,
      "quantidade_de_testes": 1000,
      "rayleigh_param": 0.7071067811865475,
      "modulacao": "bpsk",
      "snr_range_db": [
        -5,
        25
      ],
      "snr_pontos": 16,
      "atraso_medicao_ms": 1.0
    },
    "resultados": {
      "pessoa_andando": {
        "config": {
          "descricao": "Dispositivo vestível em pessoa caminhando (wearable)",
          "erro_estimativa_canal": 0.15,
          "velocidade_max_kmh": 5.0,
          "frequencia_portadora_hz": 2400000000.0,
          "taxa_bits_bps": 250000.0,
          "potencia_transmissao_dbm": 0,
          "guard_band_sigma": 0.3
        },
        "params_canal": {
          "tempo_coerencia_s": 0.016114437988054404,
          "freq_doppler_hz": 11.11111111111111,
          "correlacao_temporal": 0.9398301127377113
        },
        "snr_db": [
          -5.0,
          -3.0,
          -1.0,
          1.0,
          3.0,
          5.0,
          7.0,
          9.0,
          11.0,
          13.0,
          15.0,
          17.0,
          19.0,
          21.0,
          23.0,
          25.0
        ],
        "ber_rates": [
          36.048818897637794,
          31.000787401574804,
          25.517322834645668,
          19.999212598425196,
          15.08503937007874,
          10.9,
          7.473228346456693,
          5.105511811023622,
          3.3661417322834644,
          2.315748031496063,
          1.4866141732283464,
          0.9196850393700787,
          0.621259842519685,
          0.40708661417322833,
          0.2543307086614173,
          0.15433070866141732
        ],
        "kdr_rates": [
          42.92283464566929,
          40.35275590551181,
          37.97716535433071,
          34.939370078740154,
          32.304724409448816,
          25.407086614173227,
          10.34488188976378,
          1.9645669291338583,
          0.1031496062992126,
          0.03228346456692913,
          0.0,
          0.0,
          0.0,
          0.0,
          0.0,
          0.0
        ]
      },
      "sensor_estatico": {
        "config": {
          "descricao": "Sensor fixo em ambiente interno (smart home, industrial)",
          "erro_estimativa_canal": 0.08,
          "velocidade_max_kmh": 0.0,
          "frequencia_portadora_hz": 868000000.0,
          "taxa_bits_bps": 50000.0,
          "potencia_transmissao_dbm": 14,
          "guard_band_sigma": 0.7
        },
        "params_canal": {
          "tempo_coerencia_s": Infinity,
          "freq_doppler_hz": 0.0,
          "correlacao_temporal": 1.0
        },
        "snr_db": [
          -5.0,
          -3.0,
          -1.0,
          1.0,
          3.0,
          5.0,
          7.0,
          9.0,
          11.0,
          13.0,
          15.0,
          17.0,
          19.0,
          21.0,
          23.0,
          25.0
        ],
        "ber_rates": [
          35.90236220472441,
          30.773228346456694,
          25.233070866141734,
          19.69763779527559,
          14.330708661417322,
          10.38503937007874,
          6.970866141732284,
          4.673228346456693,
          3.1385826771653544,
          1.9275590551181103,
          1.2456692913385827,
          0.8086614173228347,
          0.46692913385826773,
          0.3291338582677165,
          0.18976377952755905,
          0.12598425196850394
        ],
        "kdr_rates": [
          42.99370078740157,
          40.420472440944884,
          37.61417322834646,
          34.85669291338583,
          31.54015748031496,
          23.25748031496063,
          7.738582677165354,
          1.162992125984252,
          0.18346456692913385,
          0.0,
          0.0,
          0.0,
          0.0,
          0.0,
          0.0,
          0.0
        ]
      },
      "veiculo_urbano": {
        "config": {
          "descricao": "Dispositivo em veículo urbano (V2X, telemetria)",
          "erro_estimativa_canal": 0.25,
          "velocidade_max_kmh": 60.0,
          "frequencia_portadora_hz": 5900000000.0,
          "taxa_bits_bps": 6000000.0,
          "potencia_transmissao_dbm": 20,
          "guard_band_sigma": 0.3
        },
        "params_canal": {
          "tempo_coerencia_s": 0.0005462521351882847,
          "freq_doppler_hz": 327.7777777777778,
          "correlacao_temporal": 0.16030829726210172
        },
        "snr_db": [
          -5.0,
          -3.0,
          -1.0,
          1.0,
          3.0,
          5.0,
          7.0,
          9.0,
          11.0,
          13.0,
          15.0,
          17.0,
          19.0,
          21.0,
          23.0,
          25.0
        ],
        "ber_rates": [
          37.89291338582677,
          33.23779527559055,
          27.88267716535433,
          22.175590551181102,
          16.91968503937008,
          12.003937007874017,
          8.183464566929134,
          5.610236220472441,
          3.6921259842519687,
          2.3322834645669293,
          1.4740157480314962,
          0.9354330708661417,
          0.5803149606299213,
          0.4275590551181102,
          0.24251968503937008,
          0.16535433070866143
        ],
        "kdr_rates": [
          43.95826771653543,
          41.346456692913385,
          39.016535433070864,
          35.92283464566929,
          33.3007874015748,
          28.14724409448819,
          13.721259842519686,
          3.1236220472440945,
          0.2763779527559055,
          0.0,
          0.0,
          0.0,
          0.0,
          0.0,
          0.0,
          0.0
        ]
      },
      "drone": {
        "config": {
          "descricao": "Drone em voo (UAV)",
          "erro_estimativa_canal": 0.3,
          "velocidade_max_kmh": 40.0,
          "frequencia_portadora_hz": 2400000000.0,
          "taxa_bits_bps": 1000000.0,
          "potencia_transmissao_dbm": 20,
          "guard_band_sigma": 0.35
        },
        "params_canal": {
          "tempo_coerencia_s": 0.0020143047485068006,
          "freq_doppler_hz": 88.88888888888889,
          "correlacao_temporal": 0.6086881511770079
        },
        "snr_db": [
          -5.0,
          -3.0,
          -1.0,
          1.0,
          3.0,
          5.0,
          7.0,
          9.0,
          11.0,
          13.0,
          15.0,
          17.0,
          19.0,
          21.0,
          23.0,
          25.0
        ],
        "ber_rates": [
          37.499212598425196,
          32.53858267716535,
          27.294488188976377,
          21.6,
          16.303937007874016,
          11.668503937007873,
          8.125196850393701,
          5.531496062992126,
          3.704724409448819,
          2.3653543307086613,
          1.5307086614173229,
          0.9393700787401574,
          0.6149606299212599,
          0.45433070866141734,
          0.2637795275590551,
          0.15511811023622046
        ],
        "kdr_rates": [
          43.61259842519685,
          41.14251968503937,
          38.39763779527559,
          35.66692913385827,
          32.94488188976378,
          27.576377952755905,
          14.043307086614174,
          2.9708661417322832,
          0.3110236220472441,
          0.0,
          0.0,
          0.0,
          0.0,
          0.0,
          0.0,
          0.0
        ]
      },
      "nb_iot": {
        "config": {
          "descricao": "Dispositivo NB-IoT (Narrowband IoT, 3GPP)",
          "erro_estimativa_canal": 0.12,
          "velocidade_max_kmh": 10.0,
          "frequencia_portadora_hz": 900000000.0,
          "taxa_bits_bps": 200000.0,
          "potencia_transmissao_dbm": 23,
          "guard_band_sigma": 0.5
        },
        "params_canal": {
          "tempo_coerencia_s": 0.02148591731740587,