{
  "experimento": "exp01_variacao_snr",
  "descricao": "Análise do impacto da SNR no KDR",
  "timestamp": "20260212_021057",
  "data_hora": "2026-02-12 02:10:57",
  "dados": {
    "parametros": {
      "tamanho_cadeia_bits": 127,
      "quantidade_de_testes": 1000,
      "rayleigh_param": 0.7071067811865475,
      "modulacao": "bpsk",
      "correlacao_canal": 0.9,
      "snr_min": -10,
      "snr_max": 30,
      "snr_pontos": 18
    },
    "snr_db": [
      -10.0,
      -7.647058823529411,
      -5.294117647058823,
      -2.9411764705882355,
      -0.5882352941176467,
      1.764705882352942,
      4.117647058823529,
      6.4705882352941195,
      8.823529411764707,
      11.176470588235293,
      13.529411764705884,
      15.882352941176471,
      18.235294117647058,
      20.58823529411765,
      22.94117647058824,
      25.294117647058826,
      27.647058823529413,
      30.0
    ],
    "bmr_rates": [
      44.43307086614173,
      41.67007874015748,
      36.95748031496063,
      31.17007874015748,
      24.881102362204725,
      18.327559055118112,
      12.709448818897638,
      8.515748031496063,
      5.361417322834646,
      3.4346456692913385,
      1.9496062992125984,
      1.221259842519685,
      0.7346456692913386,
      0.4110236220472441,
      0.24251968503937008,
      0.13070866141732285,
      0.09055118110236221,
      0.06692913385826772
    ],
    "kdr_rates": [
      47.26535433070866,
      45.67795275590551,
      43.42913385826772,
      40.539370078740156,
      37.274015748031495,
      34.221259842519686,
      29.62992125984252,
      16.07795275590551,
      2.3866141732283466,
      0.029133858267716535,
      0.0,
      0.0,
      0.0,
      0.0,
      0.0,
      0.0,
      0.0,
      0.0
    ]
  }
}