{
  "experimento": "exp03_comparacao_modulacao",
  "descricao": "Comparação entre BPSK e QPSK",
  "timestamp": "20251218_081559",
  "data_hora": "2025-12-18 08:15:59",
  "dados": {
    "parametros": {
      "tamanho_cadeia_bits": 15,
      "quantidade_de_testes": 100,
      "rayleigh_param": 0.7071067811865475,
      "correlacao_canal": 0.9
    },
    "snr_db": [
      -5.0,
      -2.7777777777777777,
      -0.5555555555555554,
      1.666666666666667,
      3.8888888888888893,
      6.111111111111111,
      8.333333333333334,
      10.555555555555557,
      12.777777777777779,
      15.0
    ],
    "resultados": {
      "bpsk": {
        "kdr_rates": [
          32.666666666666664,
          28.4,
          19.333333333333332,
          13.666666666666666,
          9.333333333333334,
          6.066666666666666,
          3.533333333333333,
          1.7333333333333334,
          1.2,
          0.7333333333333333
        ],
        "kdr_pos_rates": [
          37.333333333333336,
          36.2,
          20.6,
          13.0,
          3.6,
          2.4,
          0.6666666666666666,
          0.0,
          0.0,
          0.0
        ],
        "kdr_amplificacao_rates": [
          43.6640625,
          44.52734375,
          25.890625,
          16.2890625,
          5.0625,
          2.96484375,
          0.953125,
          0.0,
          0.0,
          0.0
        ]
      },
      "qpsk": {
        "kdr_rates": [
          33.333333333333336,
          25.0,
          19.666666666666668,
          13.533333333333333,
          10.0,
          5.6,
          3.8666666666666667,
          2.066666666666667,
          1.4,
          1.1333333333333333
        ],
        "kdr_pos_rates": [
          40.733333333333334,
          30.333333333333332,
          24.066666666666666,
          12.8,
          8.066666666666666,
          2.6666666666666665,
          1.1333333333333333,
          0.3333333333333333,
          0.3333333333333333,
          0.0
        ],
        "kdr_amplificacao_rates": [
          45.34765625,
          36.46875,
          30.45703125,
          17.01953125,
          10.69140625,
          3.49609375,
          1.546875,
          0.4453125,
          0.50390625,
          0.0
        ]
      }
    }
  }
}