{
  "experimento": "exp09_analise_eve_20260127_221814",
  "descricao": "Análise de segurança contra espionagem (Eve)",
  "timestamp": "20260127_221840",
  "data_hora": "2026-01-27 22:18:40",
  "dados": {
    "metadados": {
      "experimento": "exp09_analise_eve",
      "timestamp": "20260127_221814",
      "kdr_bob_referencia": 0.0,
      "lambda_cm": 12.5,
      "lambda_2_cm": 6.25
    },
    "espacial": {
      "distancia_eve_m": [
        0.1,
        0.2,
        0.5,
        1.0,
        2.0,
        5.0,
        10.0
      ],
      "separacao_lambda_2": [
        1.6,
        3.2,
        8.0,
        16.0,
        32.0,
        80.0,
        160.0
      ],
      "correlacao_espacial": [
        0.20999999999999985,
        0.02018965179946554,
        0.001831563888873418,
        3.354626279025119e-05,
        1.1253517471925913e-08,
        4.248354255291589e-19,
        1.8048513878454152e-36
      ],
      "correlacao_alice_eve": [
        0.20999999999999985,
        0.02018965179946554,
        0.001831563888873418,
        3.354626279025119e-05,
        1.1253517471925913e-08,
        4.248354255291589e-19,
        1.8048513878454152e-36
      ],
      "kdr_bob": [
        0.0,
        0.0,
        0.0,
        0.0,
        0.0,
        0.0,
        0.0
      ],
      "kdr_eve_antes": [
        0.8724409448818897,
        1.3700787401574803,
        1.5244094488188977,
        1.5078740157480315,
        1.4826771653543307,
        1.5818897637795275,
        1.4905511811023622
      ],
      "kdr_eve_pos_bch": [
        0.0,
        0.0,
        0.0,
        0.0,
        0.0,
        0.0,
        0.0
      ],
      "kdr_eve_pos_sha256": [
        0.0,
        0.0,
        0.0,
        0.0,
        0.0,
        0.0,
        0.0
      ]
    },
    "temporal": {
      "atraso_ms": [
        0,
        0.1,
        0.5,
        1.0,
        2.0,
        5.0,
        10.0
      ],
      "correlacao_temporal": [
        1.0,
        0.999987815340325,
        0.999695405777371,
        0.9987819014376961,
        0.9951320567417865,
        0.969769453779052,
        0.8818148331551372
      ],
      "correlacao_total": [
        0.001831563888873418,
        0.001831541571890759,
        0.0018310060050944913,
        0.0018293328635336135,
        0.0018226479397885893,
        0.0017761947120742108,
        0.0016151002050798875
      ],
      "kdr_eve_pos_bch": [
        0.0,
        0.0,
        0.0,
        0.0,
        0.0,
        0.0,
        0.0
      ]
    }
  }
}