{
  "experimento": "exp09_analise_eve_20260127_222642",
  "descricao": "Análise de segurança contra espionagem (Eve)",
  "timestamp": "20260127_222710",
  "data_hora": "2026-01-27 22:27:10",
  "dados": {
    "metadados": {
      "experimento": "exp09_analise_eve",
      "timestamp": "20260127_222642",
      "kdr_bob_referencia": 0.1110236220472441,
      "lambda_cm": 12.5,
      "lambda_2_cm": 6.25
    },
    "espacial": {
      "distancia_eve_m": [
        0.1,
        0.2,
        0.5,
        1.0,
        2.0,
        5.0,
        10.0
      ],
      "separacao_lambda_2": [
        1.6,
        3.2,
        8.0,
        16.0,
        32.0,
        80.0,
        160.0
      ],
      "correlacao_espacial": [
        0.20999999999999985,
        0.02018965179946554,
        0.001831563888873418,
        3.354626279025119e-05,
        1.1253517471925913e-08,
        4.248354255291589e-19,
        1.8048513878454152e-36
      ],
      "correlacao_alice_eve": [
        0.20999999999999985,
        0.02018965179946554,
        0.001831563888873418,
        3.354626279025119e-05,
        1.1253517471925913e-08,
        4.248354255291589e-19,
        1.8048513878454152e-36
      ],
      "kdr_bob": [
        0.1110236220472441,
        0.1110236220472441,
        0.1110236220472441,
        0.1110236220472441,
        0.1110236220472441,
        0.1110236220472441,
        0.1110236220472441
      ],
      "kdr_eve_antes": [
        3.880314960629921,
        5.311023622047244,
        5.592913385826772,
        5.570078740157481,
        5.546456692913385,
        5.650393700787402,
        5.486614173228347
      ],
      "kdr_eve_pos_bch": [
        0.2866141732283465,
        1.9141732283464568,
        2.6125984251968504,
        2.5866141732283463,
        2.921259842519685,
        3.347244094488189,
        2.664566929133858
      ],
      "kdr_eve_pos_sha256": [
        0.43125,
        3.226171875,
        4.33359375,
        4.43984375,
        4.95703125,
        5.705078125,
        4.5171875
      ]
    },
    "temporal": {
      "atraso_ms": [
        0,
        0.1,
        0.5,
        1.0,
        2.0,
        5.0,
        10.0
      ],
      "correlacao_temporal": [
        1.0,
        0.999987815340325,
        0.999695405777371,
        0.9987819014376961,
        0.9951320567417865,
        0.969769453779052,
        0.8818148331551372
      ],
      "correlacao_total": [
        0.001831563888873418,
        0.001831541571890759,
        0.0018310060050944913,
        0.0018293328635336135,
        0.0018226479397885893,
        0.0017761947120742108,
        0.0016151002050798875
      ],
      "kdr_eve_pos_bch": [
        2.588188976377953,
        3.0188976377952756,
        2.552755905511811,
        3.2732283464566927,
        2.6598425196850393,
        3.3811023622047243,
        3.0677165354330707
      ]
    }
  }
}