{
  "experimento": "exp02_comparacao_modulacao",
  "descricao": "Comparação entre BPSK e QPSK",
  "timestamp": "20260205_073144",
  "data_hora": "2026-02-05 07:31:44",
  "dados": {
    "parametros": {
      "tamanho_cadeia_bits": 127,
      "quantidade_de_testes": 1000,
      "rayleigh_param": 0.7071067811865475,
      "correlacao_canal": 0.9
    },
    "snr_db": [
      -10.0,
      -7.647058823529411,
      -5.294117647058823,
      -2.9411764705882355,
      -0.5882352941176467,
      1.764705882352942,
      4.117647058823529,
      6.4705882352941195,
      8.823529411764707,
      11.176470588235293,
      13.529411764705884,
      15.882352941176471,
      18.235294117647058,
      20.58823529411765,
      22.94117647058824,
      25.294117647058826,
      27.647058823529413,
      30.0
    ],
    "resultados": {
      "bpsk": {
        "ber_rates": [
          44.426771653543305,
          41.38267716535433,
          36.84566929133858,
          31.184251968503936,
          24.633858267716537,
          18.292125984251967,
          12.808661417322835,
          8.463779527559055,
          5.5496062992125985,
          3.400787401574803,
          2.001574803149606,
          1.1732283464566928,
          0.7370078740157481,
          0.4464566929133858,
          0.25826771653543307,
          0.14960629921259844,
          0.08346456692913386,
          0.05748031496062992
        ],
        "kdr_rates": [
          47.27322834645669,
          45.770866141732284,
          43.261417322834646,
          40.77322834645669,
          37.08503937007874,
          33.91653543307087,
          29.784251968503938,
          15.21732283464567,
          2.9346456692913385,
          0.15196850393700786,
          0.0,
          0.0,
          0.0,
          0.0,
          0.0,
          0.0,
          0.0,
          0.0
        ]
      },
      "qpsk": {
        "ber_rates": [
          44.76377952755905,
          41.41259842519685,
          37.12047244094488,
          31.211023622047243,
          24.714173228346457,
          18.37795275590551,
          12.644094488188976,
          8.510236220472441,
          5.4661417322834644,
          3.3322834645669293,
          2.0346456692913386,
          1.221259842519685,
          0.8078740157480315,
          0.4086614173228346,
          0.2740157480314961,
          0.13937007874015747,
          0.09921259842519685,
          0.05433070866141732
        ],
        "kdr_rates": [
          47.28582677165355,
          45.84409448818898,
          43.52047244094488,
          40.41732283464567,
          37.36456692913386,
          33.84094488188976,
          28.8496062992126,
          15.264566929133858,
          3.3708661417322836,
          0.19606299212598424,
          0.03464566929133858,
          0.0,
          0.0,
          0.0,
          0.0,
          0.0,
          0.0,
          0.0
        ]
      }
    }
  }
}