{
  "experimento": "exp09_analise_eve_20260127_223907",
  "descricao": "Análise de segurança contra espionagem (Eve)",
  "timestamp": "20260127_223946",
  "data_hora": "2026-01-27 22:39:46",
  "dados": {
    "metadados": {
      "experimento": "exp09_analise_eve",
      "timestamp": "20260127_223907",
      "kdr_bob_referencia": 0.05826771653543307,
      "lambda_cm": 12.5,
      "lambda_2_cm": 6.25
    },
    "espacial": {
      "distancia_eve_m": [
        0.1,
        0.2,
        0.5,
        1.0,
        2.0,
        5.0,
        10.0
      ],
      "separacao_lambda_2": [
        1.6,
        3.2,
        8.0,
        16.0,
        32.0,
        80.0,
        160.0
      ],
      "correlacao_espacial": [
        0.20999999999999985,
        0.02018965179946554,
        0.001831563888873418,
        3.354626279025119e-05,
        1.1253517471925913e-08,
        4.248354255291589e-19,
        1.8048513878454152e-36
      ],
      "correlacao_alice_eve": [
        0.20999999999999985,
        0.02018965179946554,
        0.001831563888873418,
        3.354626279025119e-05,
        1.1253517471925913e-08,
        4.248354255291589e-19,
        1.8048513878454152e-36
      ],
      "kdr_bob": [
        0.19370078740157481,
        0.1377952755905512,
        0.08346456692913386,
        0.05669291338582677,
        0.05275590551181102,
        0.11653543307086614,
        0.0
      ],
      "kdr_eve_antes": [
        50.0,
        50.0,
        50.0,
        50.0,
        50.0,
        50.0,
        50.0
      ],
      "kdr_eve_pos_bch": [
        0.24960629921259841,
        2.6503937007874017,
        2.7251968503937007,
        3.0929133858267717,
        2.837795275590551,
        2.867716535433071,
        3.325984251968504
      ],
      "kdr_eve_pos_sha256": [
        0.462109375,
        4.4640625,
        4.73125,
        5.275,
        4.739453125,
        4.90234375,
        5.548828125
      ]
    },
    "temporal": {
      "atraso_ms": [
        0,
        0.1,
        0.5,
        1.0,
        2.0,
        5.0,
        10.0
      ],
      "correlacao_temporal": [
        1.0,
        0.999987815340325,
        0.999695405777371,
        0.9987819014376961,
        0.9951320567417865,
        0.969769453779052,
        0.8818148331551372
      ],
      "correlacao_total": [
        0.001831563888873418,
        0.001831541571890759,
        0.0018310060050944913,
        0.0018293328635336135,
        0.0018226479397885893,
        0.0017761947120742108,
        0.0016151002050798875
      ],
      "kdr_eve_pos_bch": [
        3.0401574803149605,
        2.989763779527559,
        2.7251968503937007,
        2.900787401574803,
        3.569291338582677,
        3.011023622047244,
        2.898425196850394
      ]
    }
  }
}