{
  "experimento": "exp09_analise_eve_20260127_224815",
  "descricao": "Análise de segurança contra espionagem (Eve)",
  "timestamp": "20260127_224857",
  "data_hora": "2026-01-27 22:48:57",
  "dados": {
    "metadados": {
      "experimento": "exp09_analise_eve",
      "timestamp": "20260127_224815",
      "kdr_bob_referencia": 0.03307086614173228,
      "lambda_cm": 12.5,
      "lambda_2_cm": 6.25
    },
    "espacial": {
      "distancia_eve_m": [
        0.1,
        0.2,
        0.5,
        1.0,
        2.0,
        5.0,
        10.0
      ],
      "separacao_lambda_2": [
        1.6,
        3.2,
        8.0,
        16.0,
        32.0,
        80.0,
        160.0
      ],
      "correlacao_espacial": [
        0.20999999999999985,
        0.02018965179946554,
        0.001831563888873418,
        3.354626279025119e-05,
        1.1253517471925913e-08,
        4.248354255291589e-19,
        1.8048513878454152e-36
      ],
      "correlacao_alice_eve": [
        0.20999999999999985,
        0.02018965179946554,
        0.001831563888873418,
        3.354626279025119e-05,
        1.1253517471925913e-08,
        4.248354255291589e-19,
        1.8048513878454152e-36
      ],
      "kdr_bob": [
        0.1346456692913386,
        0.06220472440944882,
        0.09370078740157481,
        0.048031496062992125,
        0.15354330708661418,
        0.1078740157480315,
        0.1125984251968504
      ],
      "kdr_eve_antes": [
        50.0,
        50.0,
        50.0,
        50.0,
        50.0,
        50.0,
        50.0
      ],
      "kdr_eve_pos_bch": [
        3.8464566929133857,
        5.386614173228346,
        5.579527559055118,
        5.694488188976378,
        5.643307086614173,
        5.643307086614173,
        5.673228346456693
      ],
      "kdr_eve_pos_sha256": [
        49.94921875,
        50.04296875,
        49.950390625,
        49.88125,
        50.233203125,
        49.898046875,
        49.825
      ]
    },
    "temporal": {
      "atraso_ms": [
        0,
        0.1,
        0.5,
        1.0,
        2.0,
        5.0,
        10.0
      ],
      "correlacao_temporal": [
        1.0,
        0.999987815340325,
        0.999695405777371,
        0.9987819014376961,
        0.9951320567417865,
        0.969769453779052,
        0.8818148331551372
      ],
      "correlacao_total": [
        0.001831563888873418,
        0.001831541571890759,
        0.0018310060050944913,
        0.0018293328635336135,
        0.0018226479397885893,
        0.0017761947120742108,
        0.0016151002050798875
      ],
      "kdr_eve_pos_bch": [
        6.129133858267717,
        5.903937007874016,
        5.922834645669291,
        6.007086614173228,
        5.953543307086615,
        5.820472440944882,
        5.794488188976378
      ]
    }
  }
}