{
  "experimento": "exp01_variacao_snr",
  "descricao": "Análise do impacto da SNR no KDR",
  "timestamp": "20251218_081553",
  "data_hora": "2025-12-18 08:15:53",
  "dados": {
    "parametros": {
      "tamanho_cadeia_bits": 15,
      "quantidade_de_testes": 100,
      "rayleigh_param": 0.7071067811865475,
      "modulacao": "bpsk",
      "correlacao_canal": 0.9,
      "snr_min": -10,
      "snr_max": 30,
      "snr_pontos": 10
    },
    "snr_db": [
      -10.0,
      -5.555555555555555,
      -1.1111111111111107,
      3.333333333333334,
      7.777777777777779,
      12.222222222222221,
      16.666666666666668,
      21.111111111111114,
      25.555555555555557,
      30.0
    ],
    "kdr_rates": [
      44.2,
      35.53333333333333,
      21.066666666666666,
      11.266666666666667,
      4.533333333333333,
      1.4666666666666666,
      0.4666666666666667,
      0.0,
      0.0,
      0.06666666666666667
    ],
    "kdr_pos_rates": [
      46.266666666666666,
      40.06666666666667,
      23.4,
      9.933333333333334,
      0.7333333333333333,
      0.0,
      0.0,
      0.0,
      0.0,
      0.0
    ],
    "kdr_amplificacao_rates": [
      49.45703125,
      47.49609375,
      29.328125,
      13.3515625,
      1.0,
      0.0,
      0.0,
      0.0,
      0.0,
      0.0
    ]
  }
}