{
  "experimento": "exp05_variacao_bch",
  "descricao": "Análise do impacto do código BCH no KDR",
  "timestamp": "20260127_210718",
  "data_hora": "2026-01-27 21:07:18",
  "dados": {
    "parametros": {
      "quantidade_de_testes": 500,
      "codigos_bch": [
        [
          7,
          4
        ],
        [
          15,
          7
        ],
        [
          127,
          64
        ]
      ],
      "rayleigh_param": 0.7071067811865475,
      "modulacao": "bpsk",
      "correlacao_canal": 0.9
    },
    "snr_db": [
      -10.0,
      -7.647058823529411,
      -5.294117647058823,
      -2.9411764705882355,
      -0.5882352941176467,
      1.764705882352942,
      4.117647058823529,
      6.4705882352941195,
      8.823529411764707,
      11.176470588235293,
      13.529411764705884,
      15.882352941176471,
      18.235294117647058,
      20.58823529411765,
      22.94117647058824,
      25.294117647058826,
      27.647058823529413,
      30.0
    ],
    "resultados_por_codigo": {
      "BCH(7,4)": {
        "kdr_rates": [
          43.2,
          39.114285714285714,
          32.97142857142857,
          27.0,
          20.17142857142857,
          13.085714285714285,
          9.657142857142857,
          5.942857142857143,
          3.057142857142857,
          1.7714285714285714,
          1.0,
          0.6285714285714286,
          0.22857142857142856,
          0.02857142857142857,
          0.22857142857142856,
          0.11428571428571428,
          0.05714285714285714,
          0.0
        ],
        "kdr_pos_rates": [
          43.91428571428571,
          42.51428571428571,
          35.885714285714286,
          29.0,
          20.114285714285714,
          10.4,
          6.057142857142857,
          2.5428571428571427,
          0.5142857142857142,
          0.34285714285714286,
          0.0,
          0.0,
          0.0,
          0.0,
          0.0,
          0.0,
          0.0,
          0.0
        ],
        "kdr_amplificacao_rates": [
          44.06171875,
          41.89140625,
          36.6765625,
          30.34921875,
          21.6890625,
          11.5109375,
          6.9140625,
          2.96640625,
          0.61796875,
          0.4125,
          0.0,
          0.0,
          0.0,
          0.0,
          0.0,
          0.0,
          0.0,
          0.0
        ],
        "n": 7,
        "k": 4,
        "t": 1
      },
      "BCH(15,7)": {
        "kdr_rates": [
          43.32,
          39.32,
          33.346666666666664,
          27.32,
          20.773333333333333,
          14.146666666666667,
          9.346666666666666,
          5.706666666666667,
          3.44,
          1.7866666666666666,
          1.1066666666666667,
          0.64,
          0.17333333333333334,
          0.18666666666666668,
          0.10666666666666667,
          0.13333333333333333,
          0.05333333333333334,
          0.02666666666666667
        ],
        "kdr_pos_rates": [
          46.89333333333333,
          43.52,
          39.45333333333333,
          32.6,
          24.813333333333333,
          13.4,
          5.213333333333333,
          1.84,
          0.49333333333333335,
          0.13333333333333333,
          0.0,
          0.0,
          0.0,
          0.0,
          0.0,
          0.0,
          0.0,
          0.0
        ],
        "kdr_amplificacao_rates": [
          49.08984375,
          47.80078125,
          45.73515625,
          39.5671875,
          30.2515625,
          17.53671875,
          6.75234375,
          2.41796875,
          0.67265625,
          0.18828125,
          0.0,
          0.0,
          0.0,
          0.0,
          0.0,
          0.0,
          0.0,
          0.0
        ],
        "n": 15,
        "k": 7,
        "t": 2
      },
      "BCH(127,64)": {
        "kdr_rates": [
          43.184251968503936,
          38.93228346456693,
          33.79685039370079,
          27.258267716535432,
          20.332283464566927,
          14.2251968503937,
          9.007874015748031,
          5.576377952755905,
          3.311811023622047,
          1.9763779527559056,
          1.1448818897637796,
          0.6897637795275591,
          0.3858267716535433,
          0.2204724409448819,
          0.13228346456692913,
          0.08188976377952756,
          0.04251968503937008,
          0.014173228346456693
        ],
        "kdr_pos_rates": [
          46.38740157480315,
          44.4740157480315,
          42.105511811023625,
          38.83307086614173,
          34.97952755905512,
          31.776377952755904,
          18.31181102362205,
          3.568503937007874,
          0.11181102362204724,
          0.0,
          0.0,
          0.0,
          0.0,
          0.0,
          0.0,
          0.0,
          0.0,
          0.0
        ],
        "kdr_amplificacao_rates": [
          49.92734375,
          50.1359375,
          50.3015625,
          50.2390625,
          49.6453125,
          49.56171875,
          30.6625,
          6.05,
          0.196875,
          0.0,
          0.0,
          0.0,
          0.0,
          0.0,
          0.0,
          0.0,
          0.0,
          0.0
        ],
        "n": 127,
        "k": 64,
        "t": 10
      }
    }
  }
}