{
  "experimento": "exp03_variacao_bch",
  "descricao": "Análise do impacto do código BCH no KDR",
  "timestamp": "20260205_073200",
  "data_hora": "2026-02-05 07:32:00",
  "dados": {
    "parametros": {
      "quantidade_de_testes": 500,
      "codigos_bch": [
        [
          7,
          4
        ],
        [
          15,
          7
        ],
        [
          127,
          64
        ]
      ],
      "rayleigh_param": 0.7071067811865475,
      "modulacao": "bpsk",
      "correlacao_canal": 0.9
    },
    "snr_db": [
      -10.0,
      -7.647058823529411,
      -5.294117647058823,
      -2.9411764705882355,
      -0.5882352941176467,
      1.764705882352942,
      4.117647058823529,
      6.4705882352941195,
      8.823529411764707,
      11.176470588235293,
      13.529411764705884,
      15.882352941176471,
      18.235294117647058,
      20.58823529411765,
      22.94117647058824,
      25.294117647058826,
      27.647058823529413,
      30.0
    ],
    "resultados_por_codigo": {
      "BCH(7,4)": {
        "ber_rates": [
          43.97142857142857,
          42.42857142857143,
          36.94285714285714,
          31.257142857142856,
          26.571428571428573,
          18.142857142857142,
          12.542857142857143,
          8.228571428571428,
          5.514285714285714,
          3.4,
          2.0,
          1.1142857142857143,
          0.6857142857142857,
          0.2571428571428571,
          0.14285714285714285,
          0.14285714285714285,
          0.02857142857142857,
          0.0
        ],
        "kdr_rates": [
          44.8,
          43.8,
          38.42857142857143,
          34.114285714285714,
          28.314285714285713,
          16.685714285714287,
          10.114285714285714,
          5.142857142857143,
          2.3142857142857145,
          0.7714285714285715,
          0.08571428571428572,
          0.0,
          0.0,
          0.0,
          0.0,
          0.0,
          0.0,
          0.0
        ],
        "n": 7,
        "k": 4,
        "t": 1
      },
      "BCH(15,7)": {
        "ber_rates": [
          44.68,
          41.333333333333336,
          37.08,
          31.786666666666665,
          24.946666666666665,
          18.72,
          12.866666666666667,
          8.386666666666667,
          5.693333333333333,
          3.08,
          2.2133333333333334,
          1.2666666666666666,
          0.6666666666666666,
          0.29333333333333333,
          0.26666666666666666,
          0.16,
          0.09333333333333334,
          0.04
        ],
        "kdr_rates": [
          47.04,
          44.666666666666664,
          41.84,
          37.42666666666667,
          30.266666666666666,
          20.533333333333335,
          11.4,
          5.013333333333334,
          1.96,
          0.21333333333333335,
          0.06666666666666667,
          0.09333333333333334,
          0.0,
          0.0,
          0.0,
          0.0,
          0.0,
          0.0
        ],
        "n": 15,
        "k": 7,
        "t": 2
      },
      "BCH(127,64)": {
        "ber_rates": [
          44.24094488188977,
          41.35275590551181,
          36.53543307086614,
          31.14015748031496,
          24.598425196850393,
          18.19212598425197,
          12.689763779527558,
          8.44724409448819,
          5.245669291338583,
          3.3921259842519684,
          1.9826771653543307,
          1.2188976377952756,
          0.7307086614173228,
          0.415748031496063,
          0.25196850393700787,
          0.17480314960629922,
          0.08188976377952756,
          0.06771653543307087
        ],
        "kdr_rates": [
          47.355905511811024,
          45.596850393700784,
          43.2,
          40.330708661417326,
          37.21732283464567,
          34.08976377952756,
          30.097637795275592,
          15.592125984251968,
          2.415748031496063,
          0.08976377952755905,
          0.0,
          0.0,
          0.0,
          0.0,
          0.0,
          0.0,
          0.0,
          0.0
        ],
        "n": 127,
        "k": 64,
        "t": 10
      }
    }
  }
}