{
  "experimento": "exp02_variacao_sigma",
  "descricao": "Análise do impacto do parâmetro Rayleigh σ no KDR",
  "timestamp": "20251218_081556",
  "data_hora": "2025-12-18 08:15:56",
  "dados": {
    "parametros": {
      "tamanho_cadeia_bits": 15,
      "quantidade_de_testes": 100,
      "sigmas": [
        0.5,
        1.0
      ],
      "modulacao": "bpsk",
      "correlacao_canal": 0.9
    },
    "snr_db": [
      -5.0,
      -2.7777777777777777,
      -0.5555555555555554,
      1.666666666666667,
      3.8888888888888893,
      6.111111111111111,
      8.333333333333334,
      10.555555555555557,
      12.777777777777779,
      15.0
    ],
    "resultados_por_sigma": {
      "0.5": {
        "kdr_rates": [
          39.733333333333334,
          34.6,
          30.266666666666666,
          22.933333333333334,
          15.4,
          10.133333333333333,
          6.666666666666667,
          3.2,
          3.2,
          1.2
        ],
        "kdr_pos_rates": [
          42.4,
          39.2,
          37.8,
          26.8,
          16.733333333333334,
          8.4,
          2.4,
          0.0,
          0.6,
          0.0
        ],
        "kdr_amplificacao_rates": [
          45.9765625,
          46.296875,
          46.37890625,
          32.6015625,
          21.2265625,
          11.29296875,
          3.45703125,
          0.0,
          0.50390625,
          0.0
        ]
      },
      "1.0": {
        "kdr_rates": [
          25.666666666666668,
          18.2,
          12.133333333333333,
          7.866666666666666,
          4.333333333333333,
          2.8,
          1.9333333333333333,
          1.6,
          0.7333333333333333,
          0.13333333333333333
        ],
        "kdr_pos_rates": [
          29.8,
          18.866666666666667,
          10.666666666666666,
          4.266666666666667,
          0.3333333333333333,
          0.0,
          0.0,
          0.0,
          0.0,
          0.0
        ],
        "kdr_amplificacao_rates": [
          37.54296875,
          24.0078125,
          14.140625,
          5.1484375,
          0.484375,
          0.0,
          0.0,
          0.0,
          0.0,
          0.0
        ]
      }
    }
  }
}