{
  "experimento": "exp01_variacao_snr",
  "descricao": "Análise do impacto da SNR no KDR",
  "timestamp": "20260127_210400",
  "data_hora": "2026-01-27 21:04:00",
  "dados": {
    "parametros": {
      "tamanho_cadeia_bits": 127,
      "quantidade_de_testes": 1000,
      "rayleigh_param": 0.7071067811865475,
      "modulacao": "bpsk",
      "correlacao_canal": 0.9,
      "snr_min": -10,
      "snr_max": 30,
      "snr_pontos": 18
    },
    "snr_db": [
      -10.0,
      -7.647058823529411,
      -5.294117647058823,
      -2.9411764705882355,
      -0.5882352941176467,
      1.764705882352942,
      4.117647058823529,
      6.4705882352941195,
      8.823529411764707,
      11.176470588235293,
      13.529411764705884,
      15.882352941176471,
      18.235294117647058,
      20.58823529411765,
      22.94117647058824,
      25.294117647058826,
      27.647058823529413,
      30.0
    ],
    "kdr_rates": [
      42.97795275590551,
      39.33779527559055,
      33.78031496062992,
      27.171653543307087,
      20.30708661417323,
      13.83228346456693,
      8.859842519685039,
      5.603149606299213,
      3.147244094488189,
      1.9385826771653543,
      1.1236220472440945,
      0.6511811023622047,
      0.36771653543307087,
      0.231496062992126,
      0.131496062992126,
      0.07165354330708662,
      0.05354330708661417,
      0.025196850393700787
    ],
    "kdr_pos_rates": [
      46.3984251968504,
      44.59055118110236,
      41.83228346456693,
      38.28267716535433,
      35.08976377952756,
      31.24488188976378,
      16.861417322834647,
      3.0913385826771655,
      0.12283464566929134,
      0.0,
      0.0,
      0.0,
      0.0,
      0.0,
      0.0,
      0.0,
      0.0,
      0.0
    ],
    "kdr_amplificacao_rates": [
      50.18046875,
      49.939453125,
      50.023046875,
      50.1046875,
      49.891796875,
      48.86015625,
      28.024609375,
      5.17421875,
      0.205859375,
      0.0,
      0.0,
      0.0,
      0.0,
      0.0,
      0.0,
      0.0,
      0.0,
      0.0
    ]
  }
}