{
  "experimento": "exp06_analise_eve",
  "descricao": "Análise de segurança contra espionagem (Eve)",
  "timestamp": "20260212_021320",
  "data_hora": "2026-02-12 02:13:20",
  "dados": {
    "metadados": {
      "experimento": "exp06_analise_eve",
      "timestamp": "20260212_021230",
      "kdr_bob_referencia": 1.5700787401574803,
      "lambda_cm": 12.5,
      "lambda_2_cm": 6.25
    },
    "espacial": {
      "distancia_eve_m": [
        0.1,
        0.2,
        0.5,
        1.0,
        2.0,
        5.0,
        10.0
      ],
      "separacao_lambda_2": [
        1.6,
        3.2,
        8.0,
        16.0,
        32.0,
        80.0,
        160.0
      ],
      "correlacao_espacial": [
        0.20999999999999985,
        0.02018965179946554,
        0.001831563888873418,
        3.354626279025119e-05,
        1.1253517471925913e-08,
        4.248354255291589e-19,
        1.8048513878454152e-36
      ],
      "correlacao_alice_eve": [
        0.20999999999999985,
        0.02018965179946554,
        0.001831563888873418,
        3.354626279025119e-05,
        1.1253517471925913e-08,
        4.248354255291589e-19,
        1.8048513878454152e-36
      ],
      "kdr_bob": [
        48.598162729658796,
        48.43018372703412,
        48.573228346456695,
        48.3007874015748,
        48.33018372703412,
        48.56981627296588,
        48.433595800524934
      ],
      "correlacao_h_alice_bob": [
        0.9091594952340689,
        0.9089160065232879,
        0.9091054178037765,
        0.9090873375286757,
        0.9090049140382062,
        0.9092815888939954,
        0.9090423727501041
      ],
      "correlacao_h_alice_eve": [
        0.20129000374176065,
        0.018416071757271696,
        0.0010164885140457778,
        -3.9424728504811605e-05,
        -0.00044070435080756235,
        0.0011012094847508646,
        -0.0014115246304868823
      ]
    },
    "temporal": {
      "atraso_ms": [
        0,
        0.1,
        0.5,
        1.0,
        2.0,
        5.0,
        10.0
      ],
      "correlacao_temporal": [
        1.0,
        0.999987815340325,
        0.999695405777371,
        0.9987819014376961,
        0.9951320567417865,
        0.969769453779052,
        0.8818148331551372
      ],
      "correlacao_total": [
        0.001831563888873418,
        0.001831541571890759,
        0.0018310060050944913,
        0.0018293328635336135,
        0.0018226479397885893,
        0.0017761947120742108,
        0.0016151002050798875
      ],
      "kdr_bob": [
        47.840682414698165,
        48.073228346456695,
        47.839107611548556,
        47.89737532808399,
        47.92703412073491,
        47.928346456692914,
        47.83622047244094
      ],
      "correlacao_h_alice_bob": [
        0.9557679403011481,
        0.9556916941064612,
        0.9557233862514226,
        0.9557712245047187,
        0.9558365437697374,
        0.955756448011121,
        0.9556952462283537
      ],
      "correlacao_h_alice_eve": [
        0.003028137674542618,
        0.0013651620601770028,
        0.0019130647832805946,
        0.00140362720927325,
        0.00090600043410472,
        0.0008716175636942403,
        0.0004540253485518474
      ]
    }
  }
}