{
  "experimento": "exp05_perfis_dispositivos",
  "descricao": "Perfis de dispositivos IoT",
  "timestamp": "20260206_071355",
  "data_hora": "2026-02-06 07:13:55",
  "dados": {
    "experimento": "exp05_perfis_dispositivos",
    "timestamp": "20260206_071355",
    "configuracao": {
      "tamanho_cadeia_bits": 127,
      "quantidade_de_testes": 1000,
      "rayleigh_param": 0.7071067811865475,
      "modulacao": "bpsk",
      "snr_range_db": [
        -5,
        25
      ],
      "snr_pontos": 16,
      "atraso_medicao_ms": 1.0
    },
    "resultados": {
      "pessoa_andando": {
        "config": {
          "descricao": "Dispositivo vestível em pessoa caminhando (wearable)",
          "erro_estimativa_canal": 0.15,
          "velocidade_max_kmh": 5.0,
          "frequencia_portadora_hz": 2400000000.0,
          "taxa_bits_bps": 250000.0,
          "potencia_transmissao_dbm": 0,
          "guard_band_sigma": 0.3
        },
        "params_canal": {
          "tempo_coerencia_s": 0.016114437988054404,
          "freq_doppler_hz": 11.11111111111111,
          "correlacao_temporal": 0.9398301127377113
        },
        "snr_db": [
          -5.0,
          -3.0,
          -1.0,
          1.0,
          3.0,
          5.0,
          7.0,
          9.0,
          11.0,
          13.0,
          15.0,
          17.0,
          19.0,
          21.0,
          23.0,
          25.0
        ],
        "ber_rates": [
          36.007086614173225,
          31.054330708661418,
          25.365354330708662,
          20.198425196850394,
          15.120472440944882,
          10.819685039370079,
          7.582677165354331,
          5.183464566929134,
          3.4062992125984253,
          2.205511811023622,
          1.394488188976378,
          0.9165354330708662,
          0.5937007874015748,
          0.39448818897637794,
          0.23858267716535433,
          0.17795275590551182
        ],
        "kdr_rates": [
          42.960629921259844,
          40.455905511811025,
          37.684251968503936,
          35.25590551181102,
          31.942519685039372,
          25.81023622047244,
          11.162204724409449,
          2.3275590551181105,
          0.15118110236220472,
          0.0,
          0.0,
          0.0,
          0.0,
          0.0,
          0.0,
          0.0
        ]
      },
      "sensor_estatico": {
        "config": {
          "descricao": "Sensor fixo em ambiente interno (smart home, industrial)",
          "erro_estimativa_canal": 0.08,
          "velocidade_max_kmh": 0.0,
          "frequencia_portadora_hz": 868000000.0,
          "taxa_bits_bps": 50000.0,
          "potencia_transmissao_dbm": 14,
          "guard_band_sigma": 0.7
        },
        "params_canal": {
          "tempo_coerencia_s": Infinity,
          "freq_doppler_hz": 0.0,
          "correlacao_temporal": 1.0
        },
        "snr_db": [
          -5.0,
          -3.0,
          -1.0,
          1.0,
          3.0,
          5.0,
          7.0,
          9.0,
          11.0,
          13.0,
          15.0,
          17.0,
          19.0,
          21.0,
          23.0,
          25.0
        ],
        "ber_rates": [
          35.74015748031496,
          30.651181102362205,
          25.11496062992126,
          19.491338582677166,
          14.363779527559055,
          10.236220472440944,
          7.048031496062992,
          4.699212598425197,
          3.1228346456692915,
          1.9244094488188976,
          1.2850393700787401,
          0.8133858267716535,
          0.49133858267716535,
          0.32440944881889766,
          0.2141732283464567,
          0.1188976377952756
        ],
        "kdr_rates": [
          42.74566929133858,
          40.4740157480315,
          37.52047244094488,
          34.48661417322835,
          31.548818897637794,
          22.911023622047246,
          8.611023622047243,
          1.3385826771653544,
          0.0,
          0.0,
          0.0,
          0.0,
          0.0,
          0.0,
          0.0,
          0.0
        ]
      },
      "veiculo_urbano": {
        "config": {
          "descricao": "Dispositivo em veículo urbano (V2X, telemetria)",
          "erro_estimativa_canal": 0.25,
          "velocidade_max_kmh": 60.0,
          "frequencia_portadora_hz": 5900000000.0,
          "taxa_bits_bps": 6000000.0,
          "potencia_transmissao_dbm": 20,
          "guard_band_sigma": 0.3
        },
        "params_canal": {
          "tempo_coerencia_s": 0.0005462521351882847,
          "freq_doppler_hz": 327.7777777777778,
          "correlacao_temporal": 0.16030829726210172
        },
        "snr_db": [
          -5.0,
          -3.0,
          -1.0,
          1.0,
          3.0,
          5.0,
          7.0,
          9.0,
          11.0,
          13.0,
          15.0,
          17.0,
          19.0,
          21.0,
          23.0,
          25.0
        ],
        "ber_rates": [
          37.93779527559055,
          33.2496062992126,
          27.88503937007874,
          22.30708661417323,
          16.792913385826772,
          11.890551181102362,
          8.403149606299213,
          5.519685039370079,
          3.7007874015748032,
          2.3338582677165354,
          1.5291338582677165,
          0.9803149606299213,
          0.5921259842519685,
          0.4330708661417323,
          0.2503937007874016,
          0.14330708661417324
        ],
        "kdr_rates": [
          44.02913385826772,
          41.39291338582677,
          38.86614173228347,
          35.78897637795276,
          33.0259842519685,
          28.258267716535432,
          14.525196850393701,
          2.4874015748031497,
          0.33385826771653543,
          0.030708661417322834,
          0.0,
          0.0,
          0.0,
          0.0,
          0.0,
          0.0
        ]
      },
      "drone": {
        "config": {
          "descricao": "Drone em voo (UAV)",
          "erro_estimativa_canal": 0.3,
          "velocidade_max_kmh": 40.0,
          "frequencia_portadora_hz": 2400000000.0,
          "taxa_bits_bps": 1000000.0,
          "potencia_transmissao_dbm": 20,
          "guard_band_sigma": 0.35
        },
        "params_canal": {
          "tempo_coerencia_s": 0.0020143047485068006,
          "freq_doppler_hz": 88.88888888888889,
          "correlacao_temporal": 0.6086881511770079
        },
        "snr_db": [
          -5.0,
          -3.0,
          -1.0,
          1.0,
          3.0,
          5.0,
          7.0,
          9.0,
          11.0,
          13.0,
          15.0,
          17.0,
          19.0,
          21.0,
          23.0,
          25.0
        ],
        "ber_rates": [
          37.318897637795274,
          32.45984251968504,
          27.137795275590552,
          21.396062992125984,
          16.496850393700786,
          11.711811023622047,
          8.253543307086614,
          5.426771653543307,
          3.6818897637795276,
          2.2826771653543307,
          1.5456692913385828,
          0.937007874015748,
          0.6181102362204725,
          0.40078740157480314,
          0.2574803149606299,
          0.18110236220472442
        ],
        "kdr_rates": [
          43.496062992125985,
          41.20472440944882,
          38.2748031496063,
          35.625984251968504,
          33.056692913385824,
          27.722047244094487,
          14.319685039370079,
          2.4795275590551182,
          0.2220472440944882,
          0.0,
          0.0,
          0.0,
          0.0,
          0.0,
          0.0,
          0.0
        ]
      },
      "nb_iot": {
        "config": {
          "descricao": "Dispositivo NB-IoT (Narrowband IoT, 3GPP)",
          "erro_estimativa_canal": 0.12,
          "velocidade_max_kmh": 10.0,
          "frequencia_portadora_hz": 900000000.0,
          "taxa_bits_bps": 200000.0,
          "potencia_transmissao_dbm": 23,
          "guard_band_sigma": 0.5
        },