{
  "experimento": "exp01_variacao_snr",
  "descricao": "Análise do impacto da SNR no BER e KDR",
  "timestamp": "20260205_052050",
  "data_hora": "2026-02-05 05:20:50",
  "dados": {
    "parametros": {
      "tamanho_cadeia_bits": 15,
      "quantidade_de_testes": 100,
      "rayleigh_param": 0.7071067811865475,
      "modulacao": "bpsk",
      "correlacao_canal": 0.9,
      "snr_min": -10,
      "snr_max": 30,
      "snr_pontos": 10
    },
    "snr_db": [
      -10.0,
      -5.555555555555555,
      -1.1111111111111107,
      3.333333333333334,
      7.777777777777779,
      12.222222222222221,
      16.666666666666668,
      21.111111111111114,
      25.555555555555557,
      30.0
    ],
    "ber_rates": [
      46.333333333333336,
      39.333333333333336,
      26.733333333333334,
      14.533333333333333,
      5.733333333333333,
      2.466666666666667,
      1.0666666666666667,
      0.4666666666666667,
      0.4,
      0.0
    ],
    "kdr_rates": [
      48.86666666666667,
      43.46666666666667,
      31.4,
      11.866666666666667,
      2.8666666666666667,
      0.0,
      0.0,
      0.0,
      0.0,
      0.0
    ]
  }
}