{
  "experimento": "exp03_comparacao_modulacao",
  "descricao": "Comparação entre BPSK e QPSK",
  "timestamp": "20260127_210535",
  "data_hora": "2026-01-27 21:05:35",
  "dados": {
    "parametros": {
      "tamanho_cadeia_bits": 127,
      "quantidade_de_testes": 1000,
      "rayleigh_param": 0.7071067811865475,
      "correlacao_canal": 0.9
    },
    "snr_db": [
      -10.0,
      -7.647058823529411,
      -5.294117647058823,
      -2.9411764705882355,
      -0.5882352941176467,
      1.764705882352942,
      4.117647058823529,
      6.4705882352941195,
      8.823529411764707,
      11.176470588235293,
      13.529411764705884,
      15.882352941176471,
      18.235294117647058,
      20.58823529411765,
      22.94117647058824,
      25.294117647058826,
      27.647058823529413,
      30.0
    ],
    "resultados": {
      "bpsk": {
        "kdr_rates": [
          43.13622047244095,
          39.39055118110236,
          33.64724409448819,
          27.466141732283464,
          20.31968503937008,
          13.946456692913387,
          8.905511811023622,
          5.491338582677165,
          3.347244094488189,
          1.9291338582677164,
          1.1511811023622047,
          0.6055118110236221,
          0.36929133858267715,
          0.18976377952755905,
          0.12992125984251968,
          0.07559055118110236,
          0.04409448818897638,
          0.02283464566929134
        ],
        "kdr_pos_rates": [
          46.576377952755905,
          44.56141732283464,
          42.068503937007875,
          38.721259842519686,
          34.79133858267716,
          31.062204724409447,
          17.47007874015748,
          2.515748031496063,
          0.15196850393700786,
          0.0,
          0.0,
          0.0,
          0.0,
          0.0,
          0.0,
          0.0,
          0.0,
          0.0
        ],
        "kdr_amplificacao_rates": [
          50.16171875,
          49.9875,
          49.883984375,
          50.196484375,
          49.961328125,
          48.67578125,
          29.011328125,
          4.324609375,
          0.2484375,
          0.0,
          0.0,
          0.0,
          0.0,
          0.0,
          0.0,
          0.0,
          0.0,
          0.0
        ]
      },
      "qpsk": {
        "kdr_rates": [
          43.09370078740157,
          39.18188976377953,
          33.95275590551181,
          27.337007874015747,
          20.214173228346457,
          14.080314960629922,
          8.976377952755906,
          5.484251968503937,
          3.203937007874016,
          1.977952755905512,
          1.110236220472441,
          0.6220472440944882,
          0.38740157480314963,
          0.22125984251968503,
          0.12992125984251968,
          0.08031496062992126,
          0.04566929133858268,
          0.02283464566929134
        ],
        "kdr_pos_rates": [
          46.49527559055118,
          44.44566929133858,
          41.80551181102362,
          38.502362204724406,
          35.20314960629921,
          31.111811023622046,
          18.097637795275592,
          3.1354330708661418,
          0.2141732283464567,
          0.0,
          0.0,
          0.0,
          0.0,
          0.0,
          0.0,
          0.0,
          0.0,
          0.0
        ],
        "kdr_amplificacao_rates": [
          49.810546875,
          49.93125,
          49.808203125,
          50.16015625,
          49.80703125,
          48.822265625,
          30.22265625,
          5.27109375,
          0.40859375,
          0.0,
          0.0,
          0.0,
          0.0,
          0.0,
          0.0,
          0.0,
          0.0,
          0.0
        ]
      }
    }
  }
}