{
  "experimento": "exp06_analise_eve",
  "descricao": "Análise de segurança contra espionagem (Eve)",
  "timestamp": "20260211_233247",
  "data_hora": "2026-02-11 23:32:47",
  "dados": {
    "metadados": {
      "experimento": "exp06_analise_eve",
      "timestamp": "20260211_233158",
      "kdr_bob_referencia": 1.8566929133858268,
      "lambda_cm": 12.5,
      "lambda_2_cm": 6.25
    },
    "espacial": {
      "distancia_eve_m": [
        0.1,
        0.2,
        0.5,
        1.0,
        2.0,
        5.0,
        10.0
      ],
      "separacao_lambda_2": [
        1.6,
        3.2,
        8.0,
        16.0,
        32.0,
        80.0,
        160.0
      ],
      "correlacao_espacial": [
        0.20999999999999985,
        0.02018965179946554,
        0.001831563888873418,
        3.354626279025119e-05,
        1.1253517471925913e-08,
        4.248354255291589e-19,
        1.8048513878454152e-36
      ],
      "correlacao_alice_eve": [
        0.20999999999999985,
        0.02018965179946554,
        0.001831563888873418,
        3.354626279025119e-05,
        1.1253517471925913e-08,
        4.248354255291589e-19,
        1.8048513878454152e-36
      ],
      "kdr_bob": [
        48.63884514435696,
        48.61417322834646,
        48.699475065616795,
        48.431496062992125,
        48.2488188976378,
        48.39107611548557,
        48.445931758530186
      ],
      "correlacao_h_alice_bob": [
        0.9092254135197915,
        0.9091777557949823,
        0.9091899627848965,
        0.9091110179074889,
        0.9089351892652142,
        0.9091224513505607,
        0.9088963061184299
      ],
      "correlacao_h_alice_eve": [
        0.1998361449887079,
        0.019274659601640626,
        0.0034377222800082755,
        -0.00023341039926622417,
        -0.00031924766044443573,
        0.0012734068198142355,
        0.001662387415098728
      ]
    },
    "temporal": {
      "atraso_ms": [
        0,
        0.1,
        0.5,
        1.0,
        2.0,
        5.0,
        10.0
      ],
      "correlacao_temporal": [
        1.0,
        0.999987815340325,
        0.999695405777371,
        0.9987819014376961,
        0.9951320567417865,
        0.969769453779052,
        0.8818148331551372
      ],
      "correlacao_total": [
        0.001831563888873418,
        0.001831541571890759,
        0.0018310060050944913,
        0.0018293328635336135,
        0.0018226479397885893,
        0.0017761947120742108,
        0.0016151002050798875
      ],
      "kdr_bob": [
        47.79265091863517,
        48.05826771653543,
        48.019160104986874,
        47.94881889763779,
        47.88241469816273,
        47.846456692913385,
        47.805249343832024
      ],
      "correlacao_h_alice_bob": [
        0.9558307707015368,
        0.955915133543195,
        0.9557706438565994,
        0.9557465978253427,
        0.9556748022322719,
        0.9557269166431925,
        0.9558104606349576
      ],
      "correlacao_h_alice_eve": [
        0.0024455780224118167,
        0.0014069404887900238,
        0.0017121553127807832,
        0.0008475817251620134,
        0.0018792690223043964,
        0.0022489618193156057,
        0.001003298682799193
      ]
    }
  }
}