{
  "experimento": "exp02_comparacao_modulacao",
  "descricao": "Comparação entre BPSK e QPSK",
  "timestamp": "20260212_021114",
  "data_hora": "2026-02-12 02:11:14",
  "dados": {
    "parametros": {
      "tamanho_cadeia_bits": 127,
      "quantidade_de_testes": 1000,
      "rayleigh_param": 0.7071067811865475,
      "correlacao_canal": 0.9
    },
    "snr_db": [
      -10.0,
      -7.647058823529411,
      -5.294117647058823,
      -2.9411764705882355,
      -0.5882352941176467,
      1.764705882352942,
      4.117647058823529,
      6.4705882352941195,
      8.823529411764707,
      11.176470588235293,
      13.529411764705884,
      15.882352941176471,
      18.235294117647058,
      20.58823529411765,
      22.94117647058824,
      25.294117647058826,
      27.647058823529413,
      30.0
    ],
    "resultados": {
      "bpsk": {
        "bmr_rates": [
          44.534645669291336,
          41.5755905511811,
          36.82598425196851,
          31.378740157480316,
          24.633070866141733,
          18.53937007874016,
          12.896850393700788,
          8.527559055118111,
          5.45748031496063,
          3.3141732283464567,
          2.047244094488189,
          1.2078740157480314,
          0.7228346456692913,
          0.4448818897637795,
          0.23937007874015748,
          0.14330708661417324,
          0.09448818897637795,
          0.05354330708661417
        ],
        "kdr_rates": [
          47.48582677165354,
          45.64645669291338,
          43.306299212598425,
          40.488188976377955,
          37.261417322834646,
          34.110236220472444,
          29.759055118110236,
          15.969291338582677,
          2.6511811023622047,
          0.2125984251968504,
          0.0,
          0.0,
          0.0,
          0.0,
          0.0,
          0.0,
          0.0,
          0.0
        ]
      },
      "qpsk": {
        "bmr_rates": [
          44.5992125984252,
          41.49685039370079,
          36.86456692913386,
          31.101574803149607,
          24.830708661417322,
          18.455905511811025,
          12.7748031496063,
          8.460629921259843,
          5.4,
          3.4598425196850395,
          2.0456692913385828,
          1.300787401574803,
          0.6818897637795276,
          0.46062992125984253,
          0.24488188976377953,
          0.15590551181102363,
          0.08976377952755905,
          0.03937007874015748
        ],
        "kdr_rates": [
          47.32834645669291,
          45.71102362204724,
          43.32598425196851,
          40.56771653543307,
          37.23149606299213,
          34.140944881889766,
          29.339370078740156,
          14.95511811023622,
          3.405511811023622,
          0.2937007874015748,
          0.0,
          0.0,
          0.0,
          0.0,
          0.0,
          0.0,
          0.0,
          0.0
        ]
      }
    }
  }
}