{
  "experimento": "exp07_impacto_guard_band",
  "descricao": "",
  "timestamp": "20260205_073357",
  "data_hora": "2026-02-05 07:33:57",
  "dados": {
    "experimento": "exp07_impacto_guard_band",
    "timestamp": "20260205_073357",
    "parametros": {
      "snr_db": 15.0,
      "correlacao_alice_bob": 0.95,
      "correlacao_alice_eve": 0.0,
      "erro_estimativa": 0.15,
      "guard_bands": [
        0.0,
        0.1,
        0.3,
        0.5,
        0.7,
        1.0
      ],
      "quantidade_de_testes": 1000,
      "tamanho_cadeia_bits": 127
    },
    "resultados": {
      "guard_band": [
        0.0,
        0.1,
        0.3,
        0.5,
        0.7,
        1.0
      ],
      "kdr_bob": [
        0.028346456692913385,
        0.0,
        0.025196850393700787,
        0.01968503937007874,
        0.0,
        0.030708661417322834
      ],
      "ber_bob": [
        2.7023622047244094,
        2.734645669291339,
        2.748031496062992,
        2.7661417322834647,
        2.7724409448818896,
        2.7086614173228347
      ],
      "ber_eve_raw": [
        49.67401574803149,
        49.922047244094486,
        50.06981627296588,
        49.91193740830072,
        49.534645669291336,
        46.8244094488189
      ],
      "ber_eve_pos_bch": [
        49.77244094488189,
        50.008267716535435,
        50.089501312335955,
        49.79180939688856,
        49.806299212598425,
        48.30866141732283
      ],
      "taxa_bits_bps": [
        127000.0,
        118414.01512805543,
        102944.19923821375,
        89495.38739427661,
        77803.55206142085,
        63066.333581509
      ],
      "percentual_descartado": [
        0.0,
        6.760618009405173,
        18.941575402981293,
        29.531191028128656,
        38.73736058155839,
        50.341469620859044
      ],
      "corr_h_bob": [
        0.9093792908548266,
        0.9090496091218685,
        0.9093598453820699,
        0.9092127217222528,
        0.9089953573845279,
        0.9091911508437052
      ],
      "corr_h_eve": [
        -0.0004233347763509018,
        -7.629337667699305e-05,
        -0.0008520255239458328,
        -0.00047406771167108296,
        0.00028944281874634806,
        0.0017451357227734432
      ]
    }
  }
}