{
  "experimento": "exp03_variacao_bch",
  "descricao": "Análise do impacto do código BCH no KDR",
  "timestamp": "20260211_233104",
  "data_hora": "2026-02-11 23:31:04",
  "dados": {
    "parametros": {
      "quantidade_de_testes": 500,
      "codigos_bch": [
        [
          7,
          4
        ],
        [
          15,
          7
        ],
        [
          127,
          64
        ]
      ],
      "rayleigh_param": 0.7071067811865475,
      "modulacao": "bpsk",
      "correlacao_canal": 0.9
    },
    "snr_db": [
      -10.0,
      -7.647058823529411,
      -5.294117647058823,
      -2.9411764705882355,
      -0.5882352941176467,
      1.764705882352942,
      4.117647058823529,
      6.4705882352941195,
      8.823529411764707,
      11.176470588235293,
      13.529411764705884,
      15.882352941176471,
      18.235294117647058,
      20.58823529411765,
      22.94117647058824,
      25.294117647058826,
      27.647058823529413,
      30.0
    ],
    "resultados_por_codigo": {
      "BCH(7,4)": {
        "bmr_rates": [
          44.91428571428571,
          41.6,
          36.6,
          31.942857142857143,
          25.771428571428572,
          18.257142857142856,
          13.285714285714286,
          7.371428571428571,
          5.085714285714285,
          3.857142857142857,
          2.0285714285714285,
          1.1428571428571428,
          0.7142857142857143,
          0.37142857142857144,
          0.22857142857142856,
          0.2,
          0.08571428571428572,
          0.0
        ],
        "kdr_rates": [
          46.94285714285714,
          42.65714285714286,
          39.4,
          33.457142857142856,
          26.685714285714287,
          17.085714285714285,
          11.457142857142857,
          3.7142857142857144,
          2.342857142857143,
          1.8571428571428572,
          0.2857142857142857,
          0.08571428571428572,
          0.0,
          0.0,
          0.0,
          0.0,
          0.0,
          0.0
        ],
        "n": 7,
        "k": 4,
        "t": 1
      },
      "BCH(15,7)": {
        "bmr_rates": [
          44.973333333333336,
          42.373333333333335,
          36.973333333333336,
          31.653333333333332,
          24.96,
          18.493333333333332,
          12.453333333333333,
          8.906666666666666,
          5.4,
          3.7333333333333334,
          2.1333333333333333,
          1.2666666666666666,
          0.5733333333333334,
          0.30666666666666664,
          0.21333333333333335,
          0.13333333333333333,
          0.04,
          0.08
        ],
        "kdr_rates": [
          47.49333333333333,
          45.8,
          40.74666666666667,
          37.38666666666666,
          29.866666666666667,
          20.053333333333335,
          10.973333333333333,
          5.16,
          1.2266666666666666,
          0.7066666666666667,
          0.24,
          0.0,
          0.0,
          0.0,
          0.0,
          0.0,
          0.0,
          0.0
        ],
        "n": 15,
        "k": 7,
        "t": 2
      },
      "BCH(127,64)": {
        "bmr_rates": [
          44.61102362204724,
          41.568503937007875,
          36.889763779527556,
          31.436220472440944,
          24.848818897637795,
          18.22047244094488,
          12.691338582677165,
          8.346456692913385,
          5.478740157480315,
          3.4708661417322832,
          2.119685039370079,
          1.2551181102362206,
          0.7039370078740157,
          0.4204724409448819,
          0.24881889763779527,
          0.11811023622047244,
          0.09291338582677165,
          0.050393700787401574
        ],
        "kdr_rates": [
          47.31811023622047,
          45.63307086614173,
          43.25669291338583,
          40.45354330708661,
          37.508661417322834,
          34.01732283464567,
          29.908661417322836,
          14.870866141732284,
          2.55748031496063,
          0.0,
          0.0,
          0.0,
          0.0,
          0.0,
          0.0,
          0.0,
          0.0,
          0.0
        ],
        "n": 127,
        "k": 64,
        "t": 10
      }
    }
  }
}