{
  "experimento": "exp01_variacao_snr",
  "descricao": "Análise do impacto da SNR no BER e KDR",
  "timestamp": "20260205_053038",
  "data_hora": "2026-02-05 05:30:38",
  "dados": {
    "parametros": {
      "tamanho_cadeia_bits": 15,
      "quantidade_de_testes": 100,
      "rayleigh_param": 0.7071067811865475,
      "modulacao": "bpsk",
      "correlacao_canal": 0.9,
      "snr_min": -10,
      "snr_max": 30,
      "snr_pontos": 10
    },
    "snr_db": [
      -10.0,
      -5.555555555555555,
      -1.1111111111111107,
      3.333333333333334,
      7.777777777777779,
      12.222222222222221,
      16.666666666666668,
      21.111111111111114,
      25.555555555555557,
      30.0
    ],
    "ber_rates": [
      43.86666666666667,
      39.333333333333336,
      25.933333333333334,
      15.4,
      6.266666666666667,
      2.0,
      1.2666666666666666,
      0.26666666666666666,
      0.06666666666666667,
      0.0
    ],
    "kdr_rates": [
      46.53333333333333,
      43.266666666666666,
      27.866666666666667,
      15.933333333333334,
      1.9333333333333333,
      0.3333333333333333,
      0.0,
      0.0,
      0.0,
      0.0
    ]
  }
}