{
  "experimento": "exp07_perfis_dispositivos_20260127_210837",
  "descricao": "",
  "timestamp": "20260127_210837",
  "data_hora": "2026-01-27 21:08:37",
  "dados": {
    "experimento": "exp07_perfis_dispositivos",
    "timestamp": "20260127_210837",
    "configuracao": {
      "tamanho_cadeia_bits": 127,
      "quantidade_de_testes": 1000,
      "rayleigh_param": 0.7071067811865475,
      "modulacao": "bpsk",
      "snr_range_db": [
        -5,
        25
      ],
      "snr_pontos": 16,
      "atraso_medicao_ms": 1.0
    },
    "resultados": {
      "pessoa_andando": {
        "config": {
          "descricao": "Dispositivo vestível em pessoa caminhando (wearable)",
          "erro_estimativa_canal": 0.15,
          "velocidade_max_kmh": 5.0,
          "frequencia_portadora_hz": 2400000000.0,
          "taxa_bits_bps": 250000.0,
          "potencia_transmissao_dbm": 0,
          "guard_band_sigma": 0.4
        },
        "params_canal": {
          "tempo_coerencia_s": 0.016114437988054404,
          "freq_doppler_hz": 11.11111111111111,
          "correlacao_temporal": 0.9398301127377113
        },
        "snr_db": [
          -5.0,
          -3.0,
          -1.0,
          1.0,
          3.0,
          5.0,
          7.0,
          9.0,
          11.0,
          13.0,
          15.0,
          17.0,
          19.0,
          21.0,
          23.0,
          25.0
        ],
        "kdr_antes": [
          33.55275590551181,
          27.913385826771652,
          21.769291338582676,
          16.298425196850392,
          11.577165354330708,
          7.6472440944881885,
          5.003149606299212,
          3.2393700787401576,
          2.0771653543307087,
          1.3055118110236221,
          0.7866141732283465,
          0.5228346456692914,
          0.30393700787401573,
          0.2094488188976378,
          0.11811023622047244,
          0.08346456692913386
        ],
        "kdr_pos_reconciliacao": [
          41.67716535433071,
          38.73937007874016,
          35.58031496062992,
          32.82598425196851,
          27.5755905511811,
          11.406299212598425,
          1.4905511811023622,
          0.03228346456692913,
          0.0,
          0.0,
          0.0,
          0.0,
          0.0,
          0.0,
          0.0,
          0.0
        ],
        "kdr_pos_amplificacao": [
          49.903515625,
          50.061328125,
          50.064453125,
          49.56640625,
          45.053515625,
          19.07265625,
          2.5234375,
          0.053125,
          0.0,
          0.0,
          0.0,
          0.0,
          0.0,
          0.0,
          0.0,
          0.0
        ]
      },
      "sensor_estatico": {
        "config": {
          "descricao": "Sensor fixo em ambiente interno (smart home, industrial)",
          "erro_estimativa_canal": 0.08,
          "velocidade_max_kmh": 0.0,
          "frequencia_portadora_hz": 868000000.0,
          "taxa_bits_bps": 50000.0,
          "potencia_transmissao_dbm": 14,
          "guard_band_sigma": 0.7
        },
        "params_canal": {
          "tempo_coerencia_s": Infinity,
          "freq_doppler_hz": 0.0,
          "correlacao_temporal": 1.0
        },
        "snr_db": [
          -5.0,
          -3.0,
          -1.0,
          1.0,
          3.0,
          5.0,
          7.0,
          9.0,
          11.0,
          13.0,
          15.0,
          17.0,
          19.0,
          21.0,
          23.0,
          25.0
        ],
        "kdr_antes": [
          35.725984251968505,
          30.677952755905512,
          25.281889763779528,
          19.62755905511811,
          14.503937007874017,
          10.269291338582677,
          6.919685039370079,
          4.766929133858268,
          3.069291338582677,
          1.9622047244094487,
          1.2598425196850394,
          0.8007874015748031,
          0.5062992125984253,
          0.36929133858267715,
          0.2110236220472441,
          0.13937007874015747
        ],
        "kdr_pos_reconciliacao": [
          42.88267716535433,
          40.221259842519686,
          37.52677165354331,
          34.76850393700787,
          31.707086614173228,
          23.62992125984252,
          7.711811023622047,
          1.2503937007874015,
          0.05590551181102362,
          0.0,
          0.0,
          0.0,
          0.0,
          0.0,
          0.0,
          0.0
        ],
        "kdr_pos_amplificacao": [
          50.0375,
          50.05546875,
          50.0203125,
          49.946484375,
          49.37265625,
          38.925,
          12.84765625,
          2.183984375,
          0.099609375,
          0.0,
          0.0,
          0.0,
          0.0,
          0.0,
          0.0,
          0.0
        ]
      },
      "veiculo_urbano": {
        "config": {
          "descricao": "Dispositivo em veículo urbano (V2X, telemetria)",
          "erro_estimativa_canal": 0.25,
          "velocidade_max_kmh": 60.0,
          "frequencia_portadora_hz": 5900000000.0,
          "taxa_bits_bps": 6000000.0,
          "potencia_transmissao_dbm": 20,
          "guard_band_sigma": 0.3
        },
        "params_canal": {
          "tempo_coerencia_s": 0.0005462521351882847,
          "freq_doppler_hz": 327.7777777777778,
          "correlacao_temporal": 0.16030829726210172
        },
        "snr_db": [
          -5.0,
          -3.0,
          -1.0,
          1.0,
          3.0,
          5.0,
          7.0,
          9.0,
          11.0,
          13.0,
          15.0,
          17.0,
          19.0,
          21.0,
          23.0,
          25.0
        ],
        "kdr_antes": [
          36.235433070866144,
          31.11259842519685,
          25.231496062992125,
          19.536220472440945,
          13.996850393700788,
          9.523622047244094,
          6.341732283464567,
          4.04251968503937,
          2.4795275590551182,
          1.5118110236220472,
          0.9299212598425197,
          0.5834645669291338,
          0.34566929133858265,
          0.23622047244094488,
          0.12125984251968504,
          0.1047244094488189
        ],
        "kdr_pos_reconciliacao": [
          42.98582677165354,
          40.48740157480315,
          37.33622047244094,
          34.52677165354331,
          31.14803149606299,
          20.168503937007873,
          5.470866141732284,
          0.43700787401574803,
          0.0,
          0.0,
          0.0,
          0.0,
          0.0,
          0.0,
          0.0,
          0.0
        ],
        "kdr_pos_amplificacao": [
          50.21953125,
          50.094140625,
          50.021875,
          49.894140625,
          48.776171875,
          33.3703125,
          9.31953125,
          0.75703125,
          0.0,
          0.0,
          0.0,
          0.0,
          0.0,
          0.0,
          0.0,
          0.0
        ]
      },
      "drone": {
        "config": {
          "descricao": "Drone em voo (UAV)",
          "erro_estimativa_canal": 0.3,
          "velocidade_max_kmh": 40.0,
          "frequencia_portadora_hz": 2400000000.0,
          "taxa_bits_bps": 1000000.0,
          "potencia_transmissao_dbm": 20,
          "guard_band_sigma": 0.35
        },
        "params_canal": {
          "tempo_coerencia_s": 0.0020143047485068006,
          "freq_doppler_hz": 88.88888888888889,
          "correlacao_temporal": 0.6086881511770079
        },
        "snr_db": [
          -5.0,
          -3.0,
          -1.0,
          1.0,
          3.0,
          5.0,
          7.0,
          9.0,
          11.0,
          13.0,
          15.0,
          17.0,
          19.0,
          21.0,
          23.0,
          25.0
        ],