{
  "experimento": "exp03_variacao_bch",
  "descricao": "Análise do impacto do código BCH no KDR",
  "timestamp": "20260212_021131",
  "data_hora": "2026-02-12 02:11:31",
  "dados": {
    "parametros": {
      "quantidade_de_testes": 500,
      "codigos_bch": [
        [
          7,
          4
        ],
        [
          15,
          7
        ],
        [
          127,
          64
        ]
      ],
      "rayleigh_param": 0.7071067811865475,
      "modulacao": "bpsk",
      "correlacao_canal": 0.9
    },
    "snr_db": [
      -10.0,
      -7.647058823529411,
      -5.294117647058823,
      -2.9411764705882355,
      -0.5882352941176467,
      1.764705882352942,
      4.117647058823529,
      6.4705882352941195,
      8.823529411764707,
      11.176470588235293,
      13.529411764705884,
      15.882352941176471,
      18.235294117647058,
      20.58823529411765,
      22.94117647058824,
      25.294117647058826,
      27.647058823529413,
      30.0
    ],
    "resultados_por_codigo": {
      "BCH(7,4)": {
        "bmr_rates": [
          43.77142857142857,
          42.08571428571429,
          37.08571428571429,
          32.25714285714286,
          26.114285714285714,
          18.97142857142857,
          12.8,
          8.571428571428571,
          5.514285714285714,
          3.2285714285714286,
          1.9428571428571428,
          1.2285714285714286,
          0.7714285714285715,
          0.22857142857142856,
          0.2857142857142857,
          0.08571428571428572,
          0.05714285714285714,
          0.08571428571428572
        ],
        "kdr_rates": [
          44.885714285714286,
          44.2,
          39.457142857142856,
          34.4,
          27.62857142857143,
          18.2,
          9.82857142857143,
          4.942857142857143,
          1.6571428571428573,
          0.9428571428571428,
          0.08571428571428572,
          0.2571428571428571,
          0.08571428571428572,
          0.0,
          0.08571428571428572,
          0.0,
          0.0,
          0.0
        ],
        "n": 7,
        "k": 4,
        "t": 1
      },
      "BCH(15,7)": {
        "bmr_rates": [
          44.36,
          41.413333333333334,
          36.61333333333334,
          31.56,
          23.76,
          18.04,
          12.146666666666667,
          9.053333333333333,
          5.426666666666667,
          3.3733333333333335,
          2.2666666666666666,
          1.24,
          0.6266666666666667,
          0.44,
          0.28,
          0.14666666666666667,
          0.05333333333333334,
          0.04
        ],
        "kdr_rates": [
          46.86666666666667,
          44.12,
          42.4,
          37.42666666666667,
          28.96,
          19.453333333333333,
          9.24,
          5.066666666666666,
          1.24,
          0.6133333333333333,
          0.3466666666666667,
          0.0,
          0.0,
          0.0,
          0.0,
          0.0,
          0.0,
          0.0
        ],
        "n": 15,
        "k": 7,
        "t": 2
      },
      "BCH(127,64)": {
        "bmr_rates": [
          44.335433070866145,
          41.32125984251969,
          37.18740157480315,
          31.048818897637794,
          24.593700787401573,
          18.299212598425196,
          12.525984251968504,
          8.38267716535433,
          5.267716535433071,
          3.348031496062992,
          2.1858267716535433,
          1.3055118110236221,
          0.7433070866141732,
          0.3968503937007874,
          0.2283464566929134,
          0.13228346456692913,
          0.09448818897637795,
          0.06299212598425197
        ],
        "kdr_rates": [
          47.278740157480314,
          45.881889763779526,
          43.62677165354331,
          40.41259842519685,
          36.92283464566929,
          34.22047244094488,
          29.23779527559055,
          14.78267716535433,
          2.179527559055118,
          0.17795275590551182,
          0.0,
          0.0,
          0.0,
          0.0,
          0.0,
          0.0,
          0.0,
          0.0
        ],
        "n": 127,
        "k": 64,
        "t": 10
      }
    }
  }
}