{
  "experimento": "exp01_variacao_snr",
  "descricao": "Análise do impacto da SNR no BER e KDR",
  "timestamp": "20260205_052423",
  "data_hora": "2026-02-05 05:24:23",
  "dados": {
    "parametros": {
      "tamanho_cadeia_bits": 15,
      "quantidade_de_testes": 100,
      "rayleigh_param": 0.7071067811865475,
      "modulacao": "bpsk",
      "correlacao_canal": 0.9,
      "snr_min": -10,
      "snr_max": 30,
      "snr_pontos": 10
    },
    "snr_db": [
      -10.0,
      -5.555555555555555,
      -1.1111111111111107,
      3.333333333333334,
      7.777777777777779,
      12.222222222222221,
      16.666666666666668,
      21.111111111111114,
      25.555555555555557,
      30.0
    ],
    "ber_rates": [
      45.266666666666666,
      36.0,
      26.866666666666667,
      13.666666666666666,
      7.0,
      3.066666666666667,
      1.0666666666666667,
      0.4666666666666667,
      0.2,
      0.06666666666666667
    ],
    "kdr_rates": [
      47.6,
      42.13333333333333,
      32.6,
      13.333333333333334,
      2.7333333333333334,
      0.0,
      0.0,
      0.0,
      0.0,
      0.0
    ]
  }
}